,Year_Month,Temperature_Day,temperatures_Night,Pressure,Wind Speed,PRECIPITATION_periode,PRECIPITATION,Elevation Dimension,Ceiling Height Dimension,Distance Dimension,Wind Direction,Temperature_Day_max,Temperature_Day_min,temperatures_Night_max,temperatures_Night_min,Pressure_max,Pressure_min,Wind Speed_max,Wind Speed_min,Year,Month
0,1950-01-01,16.1,,1018.2,1.5,229.0,,45.0,22000.0,16000.0,SW,18.9,12.8,,,1024.3,1010.1,6.7,0.0,1950,January
1,1950-02-01,17.5,,1025.9,1.5,72.0,,45.0,22000.0,16000.0,E,20.0,12.2,,,1031.8,1018.9,4.1,0.0,1950,February
2,1950-03-01,19.45,,1020.0,1.5,136.0,,45.0,22000.0,16000.0,NE,22.2,17.2,,,1024.9,1015.4,6.2,0.5,1950,March
3,1950-04-01,21.65,,1013.5,2.6,82.0,,45.0,22000.0,16000.0,NE,26.1,18.9,,,1018.5,1010.3,4.1,1.0,1950,April
4,1950-05-01,20.55,,1013.55,5.15,24.0,,45.0,15500.0,16000.0,SW,22.2,20.0,,,1019.8,1012.1,6.2,2.6,1950,May
5,1950-06-01,21.65,,1017.1,1.0,28.0,,45.0,22000.0,16000.0,NE,22.8,20.0,,,1020.5,1014.4,4.1,0.0,1950,June
6,1950-07-01,25.0,,1015.9,4.1,6.0,991.0,45.0,22000.0,16000.0,NW,32.8,21.1,,,1019.5,1011.5,6.2,1.5,1950,July
7,1950-08-01,27.8,,1015.8,1.0,15.0,,45.0,22000.0,16000.0,N,28.9,20.0,,,1016.7,1013.5,2.6,1.0,1950,August
8,1950-09-01,23.35,,1017.1,2.6,69.0,991.0,45.0,22000.0,16000.0,NW,27.2,21.1,,,1019.8,1015.2,4.1,0.5,1950,September
9,1950-10-01,22.2,,1016.7,1.5,100.0,,45.0,22000.0,16000.0,NW,23.9,20.0,,,1021.4,1015.0,2.1,0.5,1950,October
10,1950-11-01,20.0,,1019.8,0.5,78.0,,45.0,22000.0,16000.0,NW,23.9,17.8,,,1022.1,1016.9,1.5,0.0,1950,November
11,1950-12-01,18.05,,1021.65,1.5,22.0,,45.0,15500.0,16000.0,NE,20.0,16.1,,,1023.7,1019.6,1.5,1.5,1950,December
12,1951-01-01,15.0,,1027.0,1.5,17.0,,45.0,22000.0,16000.0,NE,17.8,10.0,,,1029.3,1016.5,1.5,0.5,1951,January
13,1951-02-01,17.8,,1023.5,0.5,1.0,,45.0,22000.0,16000.0,NE,17.8,17.8,,,1023.5,1023.5,0.5,0.5,1951,February
14,1951-03-01,17.8,,1018.65,1.5,74.0,991.0,45.0,22000.0,16000.0,NE,25.0,13.9,,,1021.5,1011.8,6.2,0.0,1951,March
15,1951-04-01,20.0,,1015.7,1.5,69.0,,45.0,22000.0,16000.0,NE,22.8,16.1,,,1020.5,1010.2,6.2,0.0,1951,April
16,1951-05-01,21.1,,1017.2,1.5,163.0,,45.0,22000.0,16000.0,NE,26.1,18.9,,,1019.5,1014.2,6.2,1.5,1951,May
17,1951-06-01,23.35,,1014.1,1.8,62.0,,45.0,22000.0,16000.0,NW,30.0,20.0,,,1017.4,1012.3,6.2,1.5,1951,June
18,1951-07-01,22.2,,1017.5,2.6,3.0,,45.0,22000.0,16000.0,NW,25.0,21.1,,,1018.1,1016.0,2.6,1.5,1951,July
19,1951-08-01,27.2,,1017.8,1.5,15.0,,45.0,22000.0,16000.0,NE,27.8,20.0,,,1018.5,1015.4,2.6,1.0,1951,August
20,1951-09-01,22.2,,1017.7,1.5,99.0,,45.0,22000.0,16000.0,NE,31.1,18.9,,,1019.8,1010.9,2.6,0.0,1951,September
21,1951-10-01,22.8,,1017.7,1.5,37.0,,45.0,22000.0,16000.0,NE,26.1,17.8,,,1021.9,1016.2,5.1,1.0,1951,October
22,1951-11-01,18.9,,1020.6,1.8,180.0,,45.0,22000.0,16000.0,NE,22.8,16.1,,,1023.5,1005.0,6.7,0.0,1951,November
23,1951-12-01,16.1,,1021.8,0.75,126.0,,45.0,22000.0,16000.0,NE,17.2,12.8,,,1032.5,1013.9,2.6,0.0,1951,December
24,1952-01-01,13.9,,1023.5,1.5,38.0,,45.0,22000.0,16000.0,NE,16.1,12.2,,,1031.5,1021.9,2.1,0.0,1952,January
25,1952-02-01,15.0,,1020.6,1.5,146.0,,45.0,22000.0,16000.0,NE,17.8,12.2,,,1023.4,1012.2,3.1,0.0,1952,February
26,1952-03-01,18.9,,1014.7,1.5,108.0,,45.0,22000.0,16000.0,NE,27.8,16.1,,,1020.7,1004.5,8.2,0.0,1952,March
27,1952-04-01,18.9,,1015.6,1.5,24.0,,45.0,11375.0,16000.0,NE,20.0,13.9,,,1026.5,1010.3,1.5,1.5,1952,April
28,1952-05-01,20.55,,1016.55,5.1,46.0,,45.0,22000.0,16000.0,NW,22.8,17.8,,,1019.4,1014.1,6.2,2.6,1952,May
29,1952-06-01,22.2,,1019.9,8.2,1.0,,45.0,22000.0,16000.0,SW,22.2,22.2,,,1019.9,1019.9,8.2,8.2,1952,June
30,1952-08-01,32.2,,1015.4,5.1,1.0,,45.0,22000.0,16000.0,NE,32.2,32.2,,,1015.4,1015.4,5.1,5.1,1952,August
31,1952-09-01,20.0,,1017.5,5.1,1.0,,45.0,22000.0,16000.0,NNW,20.0,20.0,,,1017.5,1017.5,5.1,5.1,1952,September
32,1957-03-01,18.9,11.95,1018.3,5.7,197.0,0.5,45.0,22000.0,20000.0,E,22.2,17.2,17.8,8.9,1025.1,1007.9,11.3,2.1,1957,March
33,1957-04-01,18.9,12.8,1018.85,6.2,112.0,,45.0,22000.0,20000.0,ENE,27.2,17.2,12.8,12.8,1021.5,1014.4,8.7,2.6,1957,April
34,1957-05-01,20.0,13.9,1016.75,5.4,124.0,0.0,45.0,22000.0,18000.0,NNE,28.9,12.8,16.1,11.1,1021.1,1009.0,8.2,1.5,1957,May
35,1957-06-01,22.2,15.55,1016.55,6.7,144.0,,45.0,22000.0,20000.0,NW,27.2,18.9,17.2,13.9,1023.9,1014.3,9.8,2.1,1957,June
36,1957-07-01,26.4,,1014.9,7.2,60.0,,45.0,22000.0,25000.0,E,38.9,22.2,,,1016.4,1012.5,10.8,5.1,1957,July
37,1957-08-01,23.9,20.0,1016.15,6.2,118.0,495.5,45.0,22000.0,20000.0,WNW,27.8,20.0,20.0,20.0,1017.8,1013.9,8.2,4.1,1957,August
38,1957-09-01,23.9,20.0,1017.4,4.1,252.0,991.0,45.0,22000.0,17000.0,W,28.9,22.2,21.1,16.1,1021.2,1011.3,8.7,0.0,1957,September
39,1957-10-01,19.45,16.1,1016.2,3.1,223.0,991.0,45.0,12800.0,20000.0,W,26.1,17.2,18.9,12.8,1020.0,1012.7,6.2,0.0,1957,October
40,1957-11-01,17.8,8.9,1016.8,4.1,224.0,660.82,45.0,22000.0,20000.0,E,21.1,12.2,12.8,7.2,1022.5,1011.6,5.1,0.0,1957,November
41,1957-12-01,13.9,8.9,1018.6,2.6,298.0,868.12,45.0,12800.0,20000.0,E,15.0,12.2,13.9,6.1,1032.0,1004.9,3.1,2.1,1957,December
42,1958-01-01,17.8,,1017.9,0.0,113.0,991.0,45.0,3600.0,10000.0,SE,21.1,13.9,,,1020.1,1014.8,0.0,0.0,1958,January
43,1958-02-01,17.8,,1017.5,3.1,160.0,,45.0,3600.0,10000.0,E,23.9,15.0,,,1024.5,1013.2,5.1,3.1,1958,February
44,1958-03-01,18.9,,1018.65,5.1,94.0,,45.0,22000.0,10000.0,E,22.2,16.1,,,1024.9,1011.0,7.2,2.1,1958,March
45,1958-04-01,19.45,,1016.65,4.6,140.0,,45.0,22000.0,20000.0,ENE,26.1,17.2,,,1023.0,1007.2,8.2,4.1,1958,April
46,1958-05-01,21.1,,1018.4,5.1,318.0,,45.0,22000.0,20000.0,ENE,31.1,16.1,,,1023.1,1016.4,13.4,3.1,1958,May
47,1958-06-01,21.65,,1017.95,6.7,250.0,,45.0,22000.0,20000.0,NE,27.8,20.0,,,1021.6,1013.0,8.2,2.1,1958,June
48,1958-07-01,23.9,,1016.5,7.2,90.0,991.0,45.0,22000.0,20000.0,NE,27.8,20.0,,,1020.6,1012.1,9.3,2.1,1958,July
49,1958-08-01,23.35,,1016.5,6.2,148.0,,45.0,22000.0,20000.0,NW,40.0,22.2,,,1019.9,1011.2,10.3,2.1,1958,August
50,1958-09-01,23.9,,1016.75,6.2,160.0,,45.0,22000.0,20000.0,NW,31.1,22.2,,,1020.5,1012.2,8.2,3.1,1958,September
51,1958-10-01,23.35,,1017.05,5.1,200.0,,45.0,22000.0,20000.0,NE,35.0,17.8,,,1022.2,1014.5,10.8,3.1,1958,October
52,1958-11-01,17.8,,1016.6,4.1,345.0,,45.0,22000.0,20000.0,SW,23.9,16.1,,,1022.6,1012.6,8.2,0.0,1958,November
53,1958-12-01,17.2,,1017.9,4.1,503.0,,45.0,22000.0,15000.0,SW,20.0,12.8,,,1028.7,1006.2,10.3,0.0,1958,December
54,1959-01-01,16.1,11.1,1020.5,2.6,570.0,770.78,45.0,22000.0,20000.0,E,28.9,13.9,16.1,6.1,1027.1,1007.9,8.2,0.0,1959,January
55,1959-02-01,16.1,6.1,1023.5,4.1,356.0,810.9,45.0,22000.0,20000.0,W,17.8,10.0,12.8,3.9,1027.7,1013.2,7.2,0.0,1959,February
56,1959-03-01,17.8,11.1,1020.65,6.2,725.0,991.56,45.0,22000.0,20000.0,ENE,21.1,13.9,16.1,7.8,1027.9,1006.6,15.9,1.0,1959,March
57,1959-04-01,18.9,12.5,1016.3,6.2,530.0,932.71,45.0,22000.0,20000.0,ENE,30.0,16.1,27.2,7.8,1023.6,1011.0,12.3,1.0,1959,April
58,1959-05-01,20.0,15.0,1013.85,6.2,953.0,661.58,45.0,22000.0,15000.0,ENE,30.0,15.0,16.1,11.1,1022.4,1007.2,11.3,0.0,1959,May
59,1959-06-01,23.35,16.65,1018.6,7.2,71.0,0.0,45.0,22000.0,15000.0,ENE,27.8,15.0,21.1,12.8,1022.3,1014.3,11.3,0.0,1959,June
60,1959-07-01,23.9,20.0,1015.15,6.2,309.0,24.17,45.0,22000.0,15000.0,NW,30.0,21.1,22.8,16.1,1019.8,1012.5,9.3,0.0,1959,July
61,1959-08-01,25.0,20.0,1013.15,6.2,249.0,0.68,45.0,22000.0,20000.0,ENE,42.8,21.1,32.2,17.2,1018.8,1009.3,10.3,1.0,1959,August
62,1959-09-01,22.8,18.9,1015.6,5.1,338.0,0.0,45.0,22000.0,30000.0,ENE,28.9,17.2,28.9,12.2,1021.1,1008.1,11.3,1.0,1959,September
63,1959-10-01,22.2,16.1,1017.6,4.1,517.0,25.96,45.0,22000.0,30000.0,E,27.2,16.1,22.2,10.0,1022.4,1014.1,12.3,0.5,1959,October
64,1959-11-01,17.8,12.8,1018.65,5.1,591.0,80.63,45.0,22000.0,25000.0,E,21.1,15.0,26.1,7.8,1022.9,1008.0,11.3,0.0,1959,November
65,1959-12-01,15.55,12.2,1024.15,5.1,667.0,0.73,45.0,22000.0,25000.0,NE,17.8,13.9,16.1,6.1,1031.6,1016.0,10.3,0.0,1959,December
66,1960-01-01,15.0,11.1,1024.5,4.1,932.0,991.0,45.0,22000.0,25000.0,ENE,17.2,7.8,15.0,6.1,1029.3,1005.5,14.4,0.0,1960,January
67,1960-02-01,16.1,12.8,1019.0,4.1,504.0,,45.0,22000.0,20000.0,ENE,32.2,13.9,18.9,6.1,1030.5,1006.7,12.3,0.0,1960,February
68,1960-03-01,17.8,13.9,1017.2,5.1,1199.0,23.24,45.0,9000.0,28000.0,E,28.9,12.8,17.8,7.2,1025.3,1000.2,13.4,0.0,1960,March
69,1960-04-01,21.1,12.2,1015.9,5.1,83.0,51.57,45.0,22000.0,30000.0,E,25.0,15.0,16.1,7.8,1022.9,1007.4,9.3,0.0,1960,April
70,1960-05-01,21.1,16.1,1015.9,5.1,614.0,0.09,45.0,22000.0,20000.0,W,30.0,17.8,27.2,11.1,1020.0,1009.3,13.4,0.0,1960,May
71,1960-06-01,22.8,17.8,1016.2,6.2,509.0,0.52,45.0,9000.0,20000.0,ENE,28.9,17.2,20.0,16.1,1022.0,1009.9,12.3,0.0,1960,June
72,1960-07-01,25.0,20.0,1016.0,6.2,249.0,0.0,45.0,22000.0,20000.0,E,32.2,18.9,26.1,17.2,1020.6,1013.7,12.3,1.0,1960,July
73,1960-08-01,26.1,20.0,1016.0,6.2,385.0,0.0,45.0,22000.0,25000.0,E,35.0,16.1,27.8,17.2,1020.9,1011.9,12.3,0.0,1960,August
74,1960-09-01,25.0,18.9,1015.9,5.1,419.0,0.0,45.0,22000.0,25000.0,E,32.2,17.2,22.2,13.9,1021.6,1009.7,13.4,0.0,1960,September
75,1960-10-01,21.65,17.2,1017.3,6.2,772.0,0.0,45.0,22000.0,32500.0,W,25.0,17.8,20.0,15.0,1020.9,1002.9,15.4,0.0,1960,October
76,1960-11-01,19.45,13.9,1021.75,5.1,364.0,,45.0,22000.0,22500.0,E,26.1,17.8,18.9,10.0,1025.5,1012.5,12.3,0.0,1960,November
77,1960-12-01,15.0,8.9,1021.3,4.1,561.0,,45.0,22000.0,30000.0,E,16.1,12.8,12.8,3.9,1031.6,1011.4,6.2,0.0,1960,December
78,1961-01-01,13.9,7.8,1023.9,3.1,163.0,0.0,45.0,22000.0,50000.0,E,17.2,12.2,12.8,2.8,1029.7,1020.3,7.2,0.0,1961,January
79,1961-02-01,17.2,11.1,1025.7,2.1,60.0,0.0,45.0,22000.0,50000.0,ENE,21.1,5.0,15.0,2.8,1030.3,1017.1,9.3,0.0,1961,February
80,1961-03-01,18.9,15.0,1017.1,4.1,350.0,0.88,45.0,22000.0,32500.0,W,25.0,17.2,17.8,7.2,1026.0,1006.8,12.3,0.0,1961,March
81,1961-04-01,22.2,15.0,1017.85,5.1,331.0,0.0,45.0,22000.0,47500.0,E,26.1,17.8,17.8,10.0,1022.1,1010.8,10.3,0.0,1961,April
82,1961-05-01,21.65,17.2,1015.7,5.1,480.0,0.44,45.0,22000.0,30000.0,E,30.0,16.1,26.1,12.2,1021.2,1005.7,11.3,0.0,1961,May
83,1961-06-01,22.8,17.8,1017.5,6.2,441.0,0.0,45.0,22000.0,30000.0,NNW,27.2,20.0,22.2,13.9,1022.3,1009.8,10.3,0.0,1961,June
84,1961-07-01,27.8,21.1,1014.75,7.2,460.0,0.0,45.0,22000.0,30000.0,ENE,41.1,22.2,27.8,17.8,1018.9,1008.0,13.4,0.0,1961,July
85,1961-08-01,27.2,21.1,1015.1,3.1,469.0,0.0,45.0,22000.0,25000.0,ENE,36.1,22.2,26.1,17.8,1018.4,1008.5,9.3,0.0,1961,August
86,1961-09-01,23.9,20.0,1016.1,3.1,344.0,0.2,45.0,22000.0,25000.0,NE,38.9,20.0,25.0,16.1,1023.4,1010.7,6.2,0.0,1961,September
87,1961-10-01,22.2,17.2,1017.6,3.1,362.0,0.13,45.0,22000.0,25000.0,ENE,32.8,17.2,22.8,10.0,1024.3,1011.1,7.2,0.0,1961,October
88,1961-11-01,17.8,15.0,1014.2,3.1,1331.0,2.08,45.0,3600.0,20000.0,SW,22.2,10.0,18.9,8.9,1025.3,1005.4,7.7,0.0,1961,November
89,1961-12-01,17.8,12.2,1020.7,2.1,712.0,23.53,45.0,22000.0,20000.0,E,25.0,12.2,17.2,7.8,1027.3,1003.5,7.2,0.0,1961,December
90,1962-01-01,16.1,10.0,1023.7,2.1,836.0,0.72,45.0,22000.0,20000.0,E,20.0,12.8,18.9,5.0,1030.8,1004.8,6.2,0.0,1962,January
91,1962-02-01,17.2,7.8,1023.0,2.1,604.0,27.25,45.0,22000.0,20000.0,ENE,21.1,3.9,16.1,2.8,1033.1,1006.2,6.2,0.0,1962,February
92,1962-03-01,17.2,12.8,1015.6,3.1,1706.0,25.77,45.0,3600.0,20000.0,W,20.0,12.2,18.9,6.1,1028.5,1003.1,12.3,0.0,1962,March
93,1962-04-01,18.9,12.8,1015.9,3.1,734.0,40.8,45.0,22000.0,20000.0,ENE,27.2,15.0,17.2,10.0,1025.2,1002.4,11.3,0.0,1962,April
94,1962-05-01,22.8,15.0,1016.3,4.1,362.0,0.0,45.0,22000.0,20000.0,E,31.1,16.1,21.1,8.9,1022.4,1009.9,9.3,0.0,1962,May
95,1962-06-01,22.2,18.9,1016.4,3.1,539.0,0.01,45.0,22000.0,20000.0,NNW,27.8,18.9,20.0,13.9,1020.4,1010.3,8.7,0.0,1962,June
96,1962-07-01,26.1,20.0,1016.2,4.1,279.0,0.0,45.0,22000.0,30000.0,ENE,35.0,22.2,28.9,16.1,1020.0,1011.6,7.2,1.0,1962,July
97,1962-08-01,29.45,21.1,1015.0,4.1,361.0,26.33,45.0,22000.0,25000.0,ENE,40.0,22.8,33.9,17.8,1021.6,1008.3,8.2,0.0,1962,August
98,1962-09-01,25.0,20.0,1016.9,3.1,536.0,26.24,45.0,22000.0,30000.0,E,38.9,21.1,26.1,13.9,1020.7,1010.6,8.2,0.0,1962,September
99,1962-10-01,22.2,17.8,1015.7,2.1,955.0,2.9,45.0,3600.0,20000.0,W,32.8,17.2,26.1,13.9,1023.2,1008.6,8.2,0.0,1962,October
100,1962-11-01,17.2,12.2,1017.1,3.1,788.0,79.2,45.0,22000.0,20000.0,E,21.1,5.0,22.8,6.1,1024.0,1001.9,8.2,0.0,1962,November
101,1962-12-01,16.65,10.0,1020.9,3.1,211.0,0.33,45.0,22000.0,20000.0,E,18.9,12.2,17.8,2.8,1028.3,999.4,17.5,0.0,1962,December
102,1964-10-01,22.8,17.2,1018.0,2.1,620.0,41.69,45.0,22000.0,20000.0,E,33.9,17.2,22.8,7.2,1024.0,1013.3,9.3,0.0,1964,October
103,1964-11-01,17.8,11.1,1021.5,1.5,777.0,20.29,45.0,22000.0,10000.0,ENE,23.9,12.2,17.8,6.1,1025.3,1013.0,7.2,0.0,1964,November
104,1964-12-01,15.0,9.45,1019.2,2.1,1127.0,2.71,45.0,22000.0,15000.0,E,20.0,12.2,13.9,5.0,1025.5,999.3,7.2,0.0,1964,December
105,1965-01-01,15.0,8.9,1020.15,2.1,924.0,0.64,45.0,3600.0,15000.0,E,22.2,7.8,17.2,2.8,1035.6,997.1,12.9,1.0,1965,January
106,1965-02-01,15.0,10.0,1017.9,2.1,1080.0,26.15,45.0,3600.0,15000.0,E,22.8,12.8,17.8,3.9,1027.1,1006.4,6.2,0.0,1965,February
107,1965-03-01,17.8,12.2,1020.35,4.1,766.0,0.15,45.0,9000.0,15000.0,E,27.2,12.8,22.2,7.2,1028.5,1008.1,9.3,0.0,1965,March
108,1965-04-01,18.9,12.8,1017.9,3.1,705.0,0.48,45.0,9000.0,15000.0,ENE,27.2,12.8,16.1,7.2,1027.5,1009.6,9.3,0.0,1965,April
109,1965-05-01,22.2,17.2,1016.2,4.1,440.0,0.19,45.0,22000.0,20000.0,E,40.0,18.9,26.1,7.8,1020.8,1008.8,8.2,0.0,1965,May
110,1965-06-01,22.8,17.8,1017.6,4.1,591.0,19.13,45.0,22000.0,15000.0,NNE,32.8,20.0,22.2,12.2,1024.3,1008.2,9.3,0.0,1965,June
111,1965-07-01,23.9,18.9,1017.4,5.1,328.0,0.42,45.0,22000.0,20000.0,ENE,27.8,20.0,21.1,15.0,1020.5,1012.7,10.3,0.0,1965,July
112,1965-08-01,25.0,20.0,1015.0,4.1,585.0,18.41,45.0,22000.0,15000.0,E,36.1,15.0,27.2,15.0,1020.0,1011.3,9.3,0.0,1965,August
113,1965-09-01,22.2,17.8,1016.5,2.6,1603.0,18.02,45.0,22000.0,10000.0,W,30.0,17.8,21.1,12.2,1022.4,1008.6,9.3,0.0,1965,September
114,1965-10-01,22.2,17.8,1013.8,1.5,3708.0,136.95,45.0,3600.0,10000.0,WSW,26.1,17.8,21.1,13.9,1022.3,1008.4,8.2,0.0,1965,October
115,1965-11-01,18.9,12.8,1020.6,2.6,2911.0,42.55,45.0,9000.0,10000.0,E,25.0,12.8,18.9,7.8,1027.6,1005.5,11.3,0.0,1965,November
116,1965-12-01,17.2,11.1,1023.8,2.6,2939.0,19.11,45.0,22000.0,20000.0,E,21.1,11.1,16.1,6.1,1031.3,1013.6,7.7,0.0,1965,December
117,1966-01-01,17.2,11.1,1019.9,1.0,3094.0,49.26,45.0,9000.0,10000.0,E,25.0,12.8,17.8,3.9,1031.0,1012.3,7.7,0.0,1966,January
118,1966-02-01,17.8,12.2,1020.8,2.1,2834.0,20.07,45.0,22000.0,20000.0,E,26.1,15.0,17.8,7.2,1030.4,1005.2,13.4,0.0,1966,February
119,1966-03-01,18.9,12.2,1018.0,2.85,2762.0,101.93,45.0,22000.0,20000.0,E,26.1,15.0,20.0,3.9,1027.8,1009.0,9.8,0.0,1966,March
120,1966-04-01,20.0,13.9,1017.4,3.1,1846.0,0.09,45.0,22000.0,20000.0,ENE,30.0,16.1,18.9,7.8,1024.1,1011.0,11.3,0.0,1966,April
121,1966-05-01,21.1,17.2,1015.3,3.6,2450.0,67.82,45.0,9000.0,10000.0,ENE,31.1,15.0,21.1,8.9,1023.8,1008.0,10.3,0.0,1966,May
122,1966-06-01,22.8,17.8,1017.4,3.1,2366.0,52.63,45.0,22000.0,20000.0,NE,35.0,17.8,27.2,11.1,1022.0,1010.6,11.3,0.0,1966,June
123,1966-07-01,23.9,19.45,1016.45,3.35,2101.0,0.18,45.0,22000.0,15000.0,E,27.8,21.1,22.8,13.9,1021.2,1011.3,9.3,0.0,1966,July
124,1966-08-01,27.8,20.0,1015.15,5.1,1208.0,0.0,45.0,22000.0,20000.0,E,42.2,21.1,31.1,16.1,1019.6,1010.9,9.3,1.0,1966,August
125,1966-09-01,23.9,20.0,1015.3,3.1,2090.0,18.05,45.0,22000.0,15000.0,E,38.9,20.0,32.2,13.9,1021.5,1007.9,7.7,0.5,1966,September
126,1966-10-01,21.1,16.1,1016.85,2.6,2672.0,32.88,45.0,22000.0,20000.0,E,27.8,16.1,22.8,8.9,1022.8,1006.7,11.8,1.0,1966,October
127,1966-11-01,17.2,12.2,1020.4,2.6,3193.0,35.86,45.0,22000.0,15000.0,E,23.9,12.8,17.8,5.0,1032.3,997.6,16.5,0.0,1966,November
128,1966-12-01,16.1,10.0,1021.9,2.1,2139.0,32.59,45.0,22000.0,20000.0,E,20.0,10.0,17.2,2.8,1028.3,1016.0,7.2,0.0,1966,December
129,1967-01-01,16.1,8.9,1024.55,1.0,2374.0,50.04,45.0,22000.0,15000.0,E,22.2,7.2,17.2,2.8,1030.1,1011.8,9.3,0.0,1967,January
130,1967-02-01,16.1,11.1,1019.45,1.5,3534.0,37.22,45.0,3600.0,10000.0,E,23.9,12.2,16.1,3.9,1030.4,1005.1,9.3,0.0,1967,February
131,1967-03-01,18.9,12.8,1020.8,1.5,2523.0,16.68,45.0,22000.0,15000.0,ENE,27.2,15.0,22.2,7.2,1025.3,1013.6,10.3,0.0,1967,March
132,1967-04-01,17.8,13.9,1013.8,3.1,4460.0,87.13,45.0,2400.0,15000.0,W,28.9,12.2,22.2,7.2,1023.0,1006.9,14.4,0.0,1967,April
133,1967-05-01,21.1,16.1,1017.4,3.6,2323.0,16.43,45.0,22000.0,20000.0,ENE,30.0,17.2,20.0,10.0,1023.6,1008.8,8.2,0.0,1967,May
134,1967-06-01,22.8,17.8,1016.7,3.6,1399.0,0.0,45.0,22000.0,10000.0,NNE,33.9,18.9,26.1,12.2,1022.3,1010.5,8.2,0.0,1967,June
135,1967-07-01,27.2,20.0,1016.45,4.6,1320.0,0.38,45.0,22000.0,10000.0,NE,42.8,20.0,36.1,15.0,1020.7,1009.9,7.7,0.0,1967,July
136,1967-08-01,27.8,20.0,1015.3,5.1,1564.0,16.56,45.0,22000.0,10000.0,E,35.0,20.0,26.1,15.0,1018.9,1011.2,9.3,0.0,1967,August
137,1967-09-01,23.9,18.9,1018.2,3.1,2297.0,16.73,45.0,22000.0,15000.0,E,31.1,17.8,22.8,12.8,1022.0,1008.0,7.7,0.0,1967,September
138,1967-10-01,22.2,17.8,1018.7,3.1,2966.0,17.42,45.0,22000.0,10000.0,E,28.9,13.9,22.8,11.1,1025.1,1004.7,11.3,0.0,1967,October
139,1967-11-01,17.8,13.9,1016.1,2.1,6651.0,72.49,45.0,3600.0,20000.0,E,23.9,12.2,18.9,7.8,1025.3,1007.9,9.3,0.0,1967,November
140,1967-12-01,16.1,10.0,1021.6,2.1,2868.0,48.88,45.0,9000.0,10000.0,E,20.0,8.9,15.0,2.8,1032.5,1013.2,7.2,0.0,1967,December
141,1973-01-01,16.0,9.0,1024.3,2.0,1537.0,37.08,46.0,22000.0,10000.0,ENE,22.0,13.0,16.0,4.0,1031.3,1015.5,11.3,0.0,1973,January
142,1973-02-01,16.0,10.5,1019.4,3.0,1262.0,37.44,46.0,22000.0,15000.0,ENE,21.0,10.0,16.0,3.0,1031.2,1012.0,7.7,1.0,1973,February
143,1973-03-01,17.0,12.0,1018.55,3.0,1854.0,70.32,46.0,6000.0,10000.0,E,27.0,10.0,18.0,8.0,1028.2,1007.4,8.7,0.0,1973,March
144,1973-04-01,18.5,14.0,1015.1,3.0,1820.0,27.11,46.0,15500.0,10000.0,W,29.0,13.0,24.0,6.0,1021.2,1005.9,11.8,0.5,1973,April
145,1973-05-01,21.0,17.0,1016.3,4.1,1713.0,34.2,46.0,6900.0,10000.0,WSW,31.0,17.0,23.0,11.0,1027.1,1011.4,12.3,0.5,1973,May
146,1973-06-01,21.5,18.0,1016.7,4.1,1613.0,9.17,46.0,22000.0,10000.0,NNW,30.0,19.0,22.0,12.0,1022.7,1011.9,7.7,1.5,1973,June
147,1973-07-01,25.0,20.0,1015.45,5.1,1361.0,0.0,46.0,22000.0,10000.0,NE,37.0,20.0,25.0,15.0,1020.2,1009.2,9.3,1.0,1973,July
148,1973-08-01,26.0,21.0,1015.75,4.6,1781.0,9.05,46.0,22000.0,8000.0,NE,39.0,20.0,29.0,18.0,1022.1,1011.1,7.2,2.1,1973,August
149,1973-09-01,25.0,19.0,1017.3,4.6,1314.0,0.0,46.0,22000.0,10000.0,ENE,32.0,20.0,22.0,14.0,1022.1,1011.4,8.2,1.5,1973,September
150,1973-10-01,22.0,17.0,1017.4,2.1,1981.0,8.86,46.0,22000.0,10000.0,ENE,31.0,17.0,25.0,10.0,1021.9,1012.7,6.7,0.0,1973,October
151,1973-11-01,20.0,16.0,1018.2,2.1,2611.0,34.54,46.0,6000.0,10000.0,E,31.0,17.0,22.0,9.0,1028.3,1011.8,5.7,0.0,1973,November
152,1973-12-01,15.5,10.0,1020.9,2.6,2794.0,9.99,46.0,22000.0,8000.0,W,19.0,11.0,16.0,3.0,1027.9,1001.8,13.9,0.0,1973,December
153,1974-01-01,16.0,10.0,1026.4,3.1,2011.0,0.44,46.0,22000.0,8000.0,E,20.0,5.0,15.0,6.0,1030.5,1011.7,7.7,1.0,1974,January
154,1974-02-01,16.0,11.0,1020.9,4.1,2414.0,9.86,46.0,22000.0,9500.0,E,23.0,12.0,17.0,6.0,1029.0,1009.1,9.8,0.0,1974,February
155,1974-03-01,17.0,12.0,1017.1,3.6,3525.0,35.79,46.0,6000.0,10000.0,E,23.0,0.0,25.0,4.0,1027.8,999.5,11.8,1.0,1974,March
156,1974-04-01,17.0,13.0,1016.8,3.6,3069.0,46.23,46.0,900.0,10000.0,W,24.0,12.0,20.0,7.0,1022.5,1002.2,17.0,1.0,1974,April
157,1974-05-01,20.0,16.0,1016.2,3.6,2060.0,0.0,46.0,6000.0,10000.0,NE,25.0,12.0,19.0,8.0,1021.3,1008.2,10.3,1.0,1974,May
158,1974-06-01,22.0,18.0,1015.8,3.6,1936.0,9.61,46.0,22000.0,10000.0,ENE,34.0,20.0,30.0,12.0,1021.1,1008.3,8.8,0.0,1974,June
159,1974-07-01,25.0,20.0,1015.0,3.6,2062.0,0.42,46.0,22000.0,10000.0,NE,41.0,20.0,30.0,15.0,1021.5,1009.4,10.3,1.5,1974,July
160,1974-08-01,26.5,21.0,1015.1,4.1,1447.0,0.01,46.0,22000.0,10000.0,NE,41.0,21.0,32.0,15.0,1019.5,1010.8,7.2,2.1,1974,August
161,1974-09-01,24.0,19.0,1017.3,3.6,1656.0,11.66,46.0,22000.0,10000.0,E,39.0,18.0,27.0,11.0,1021.9,1009.1,7.2,0.0,1974,September
162,1974-10-01,21.0,16.0,1019.3,2.6,1815.0,25.21,45.0,22000.0,10000.0,NE,34.0,15.0,26.0,7.0,1027.3,1011.9,8.8,0.0,1974,October
163,1974-11-01,19.0,13.0,1019.35,2.6,1962.0,19.15,45.0,22000.0,10000.0,E,27.0,15.0,17.0,7.0,1027.6,1012.3,6.2,0.0,1974,November
164,1974-12-01,16.0,9.0,1024.45,2.1,2043.0,17.46,45.0,22000.0,8000.0,E,21.0,11.0,16.0,4.0,1032.9,1017.8,5.1,0.0,1974,December
165,1975-01-01,17.0,11.0,1024.9,2.6,1769.0,29.66,45.0,22000.0,10000.0,E,25.0,11.0,17.0,5.0,1032.7,1009.9,9.8,1.0,1975,January
166,1975-02-01,17.0,12.0,1019.2,3.1,2132.0,47.97,45.0,6000.0,10000.0,E,22.0,11.0,24.0,1.0,1025.6,1008.0,7.2,0.0,1975,February
167,1975-03-01,18.0,12.0,1018.95,3.1,2534.0,87.26,45.0,22000.0,10000.0,WSW,25.0,11.0,16.0,5.0,1026.8,998.3,8.8,1.0,1975,March
168,1975-04-01,18.0,14.0,1015.1,2.6,2396.0,133.45,45.0,6000.0,10000.0,NE,25.0,11.0,17.0,8.0,1024.3,1009.9,6.7,0.0,1975,April
169,1975-05-01,19.0,15.0,1015.9,3.1,1932.0,79.56,45.0,22000.0,10000.0,N,29.0,17.0,18.0,10.0,1024.4,1005.6,6.7,0.0,1975,May
170,1975-06-01,21.0,18.0,1018.2,3.1,1556.0,0.0,45.0,22000.0,10000.0,NE,30.0,18.0,21.0,12.0,1022.4,1013.6,6.2,0.0,1975,June
171,1975-07-01,29.5,20.0,1014.4,4.1,967.0,0.09,45.0,22000.0,10000.0,NE,44.0,21.0,34.0,15.0,1020.4,1009.6,7.2,0.0,1975,July
172,1975-08-01,26.0,21.0,1015.3,3.6,1185.0,0.0,45.0,22000.0,10000.0,NE,40.0,20.0,31.0,17.0,1019.8,1009.7,9.3,0.0,1975,August
173,1975-09-01,24.5,19.0,1017.55,2.1,1279.0,48.67,45.0,22000.0,10000.0,ENE,33.0,19.0,27.0,11.0,1024.7,1011.8,6.2,0.0,1975,September
174,1975-10-01,23.0,17.0,1019.2,2.1,1220.0,0.28,45.0,22000.0,10000.0,ENE,29.0,17.0,22.0,11.0,1024.9,1011.5,10.3,0.0,1975,October
175,1975-11-01,19.0,12.0,1021.2,2.6,1363.0,22.33,45.0,22000.0,10000.0,E,28.0,14.0,18.0,5.0,1026.5,1011.5,6.7,1.0,1975,November
176,1975-12-01,16.0,12.0,1017.9,2.1,3350.0,12.63,45.0,3000.0,10000.0,SW,20.0,12.0,16.0,6.0,1027.1,996.1,8.8,0.0,1975,December
177,1976-01-01,16.0,10.0,1021.1,2.6,1707.0,22.91,45.0,22000.0,10000.0,NE,21.0,10.0,15.0,0.0,1030.1,1012.9,9.3,1.0,1976,January
178,1976-02-01,16.0,11.0,1019.4,2.6,2601.0,13.54,45.0,6000.0,10000.0,SW,23.0,12.0,19.0,0.0,1030.8,990.4,7.2,0.0,1976,February
179,1976-03-01,17.0,11.0,1017.6,2.6,2746.0,36.09,45.0,6000.0,10000.0,W,22.0,11.0,16.0,4.0,1026.6,1008.3,11.8,0.0,1976,March
180,1976-04-01,17.0,13.0,1015.9,2.6,3073.0,90.81,45.0,600.0,10000.0,NE,25.0,12.0,20.0,6.0,1022.5,1006.6,7.2,0.0,1976,April
181,1976-05-01,19.0,16.0,1015.9,2.6,2950.0,25.82,45.0,600.0,10000.0,ENE,26.0,14.0,18.0,7.0,1023.7,1005.1,9.8,0.0,1976,May
182,1976-06-01,22.0,19.0,1015.8,2.6,2545.0,38.37,45.0,480.0,8000.0,W,29.0,18.0,25.0,13.0,1021.6,1010.8,23.2,0.0,1976,June
183,1976-07-01,23.5,20.0,1016.85,2.6,1628.0,12.09,45.0,22000.0,10000.0,W,29.0,21.0,22.0,15.0,1019.5,1012.5,4.1,1.0,1976,July
184,1976-08-01,27.0,22.0,1015.75,2.6,1183.0,11.24,45.0,22000.0,10000.0,W,42.0,22.0,34.0,16.0,1020.3,1009.9,4.6,0.0,1976,August
185,1976-09-01,25.0,20.0,1017.3,2.1,1628.0,0.16,45.0,22000.0,10000.0,NNE,30.0,19.0,24.0,13.0,1020.9,1011.1,5.7,0.0,1976,September
186,1976-10-01,22.0,17.0,1016.3,3.1,2517.0,27.34,45.0,6000.0,10000.0,NE,30.0,14.0,29.0,11.0,1020.5,1005.9,7.2,0.0,1976,October
187,1976-11-01,19.0,12.0,1020.0,2.6,1552.0,28.32,45.0,22000.0,10000.0,NE,25.0,16.0,17.0,6.0,1032.0,1011.1,7.7,0.0,1976,November
188,1976-12-01,17.0,14.0,1016.3,3.1,3752.0,10.51,45.0,3000.0,10000.0,SSW,28.0,14.0,23.0,7.0,1032.8,1006.3,8.2,0.0,1976,December
189,1977-01-01,16.0,11.0,1018.6,2.1,1449.0,71.66,45.0,3000.0,10000.0,NE,21.0,13.0,15.0,5.0,1051.3,1011.8,10.3,0.0,1977,January
190,1977-02-01,17.0,11.0,1023.0,2.6,2215.0,0.68,45.0,6000.0,10000.0,NNW,26.0,13.0,21.0,5.0,1027.3,1009.9,9.3,0.0,1977,February
191,1977-03-01,19.0,12.0,1022.45,2.6,2077.0,2.95,45.0,22000.0,10000.0,NNW,30.0,16.0,17.0,0.0,1027.7,1009.9,8.2,0.0,1977,March
192,1977-04-01,20.0,15.0,1016.1,3.1,1850.0,27.5,45.0,22000.0,10000.0,NE,27.0,17.0,25.0,6.0,1025.4,1009.8,8.2,0.0,1977,April
193,1977-05-01,20.0,16.0,1016.3,4.1,1916.0,0.18,45.0,22000.0,10000.0,NE,33.0,18.0,25.0,9.0,1022.1,1012.5,10.3,1.0,1977,May
194,1977-06-01,22.0,17.0,1017.8,3.1,1667.0,9.28,45.0,22000.0,10000.0,N,30.0,19.0,23.0,11.0,1024.0,1012.1,9.3,1.0,1977,June
195,1977-07-01,24.0,19.0,1016.4,4.1,1824.0,0.0,45.0,22000.0,10000.0,NE,34.0,21.0,22.0,15.0,1020.8,1010.5,7.2,2.1,1977,July
196,1977-08-01,24.0,19.0,1015.1,4.1,1714.0,17.7,45.0,22000.0,10000.0,NNE,29.0,19.0,22.0,14.0,1021.7,1010.1,7.7,0.5,1977,August
197,1977-09-01,24.0,20.0,1016.7,3.1,2130.0,28.33,45.0,6000.0,10000.0,W,31.0,20.0,28.0,13.0,1021.5,1011.2,7.2,0.0,1977,September
198,1977-10-01,21.0,17.0,1017.3,3.1,3026.0,42.94,45.0,480.0,8000.0,SSW,27.0,16.0,22.0,12.0,1023.3,1007.8,8.2,0.0,1977,October
199,1977-11-01,19.0,14.0,1022.3,3.6,2280.0,10.81,45.0,22000.0,10000.0,E,26.0,13.0,22.0,8.0,1025.9,1004.1,30.9,0.0,1977,November
200,1977-12-01,18.0,13.0,1018.5,3.1,3235.0,65.77,45.0,3000.0,8000.0,E,23.0,10.0,18.0,8.0,1027.6,1007.1,13.4,1.0,1977,December
201,1978-01-01,16.0,12.0,1022.1,3.6,3553.0,47.41,45.0,3600.0,10000.0,E,20.0,10.0,19.0,0.0,1031.0,1007.7,6.7,0.0,1978,January
202,1978-02-01,17.0,12.0,1017.75,4.1,2826.0,59.22,45.0,3000.0,8000.0,E,22.0,12.0,18.0,2.0,1026.7,999.0,10.3,0.0,1978,February
203,1978-03-01,18.0,12.0,1023.0,4.1,2092.0,8.7,45.0,22000.0,10000.0,ENE,28.0,14.0,17.0,5.0,1031.7,1013.2,7.2,0.0,1978,March
204,1978-04-01,18.0,14.0,1016.7,4.1,2854.0,44.92,45.0,6000.0,10000.0,NNE,27.0,11.0,19.0,4.0,1023.7,1010.4,9.3,1.5,1978,April
205,1978-05-01,20.0,15.0,1017.0,4.1,2764.0,42.71,45.0,600.0,10000.0,N,30.0,15.0,20.0,9.0,1025.7,1010.0,9.3,0.0,1978,May
206,1978-06-01,21.0,17.0,1018.1,5.1,2167.0,8.74,45.0,1800.0,10000.0,N,27.0,17.0,20.0,13.0,1022.4,1013.7,8.2,0.0,1978,June
207,1978-07-01,27.0,20.0,1015.2,5.1,1391.0,0.0,45.0,22000.0,10000.0,N,46.0,20.0,37.0,16.0,1020.2,1010.2,20.6,2.1,1978,July
208,1978-08-01,24.5,20.0,1015.8,4.1,1618.0,0.0,45.0,22000.0,10000.0,N,31.0,22.0,23.0,17.0,1022.0,1002.7,7.7,0.0,1978,August
209,1978-09-01,25.0,21.0,1016.9,3.1,2298.0,0.01,45.0,6000.0,8000.0,N,36.0,20.0,31.0,15.0,1023.3,1012.8,30.9,0.0,1978,September
210,1978-10-01,22.0,17.0,1017.15,3.1,2225.0,34.8,45.0,9000.0,8000.0,N,28.0,19.0,24.0,10.0,1023.5,1010.2,8.2,0.0,1978,October
211,1978-11-01,20.0,13.0,1023.6,3.1,1822.0,17.88,45.0,22000.0,10000.0,E,29.0,16.0,19.0,7.0,1030.0,1014.7,8.2,0.0,1978,November
212,1978-12-01,18.0,15.0,1019.95,3.1,3490.0,55.45,45.0,480.0,8000.0,W,29.0,13.0,20.0,8.0,1026.4,1007.0,17.5,0.0,1978,December
213,1979-01-01,18.0,13.0,1017.6,4.1,1894.0,15.62,45.0,3000.0,6000.0,E,21.0,14.0,18.0,2.0,1027.4,1001.8,13.4,1.5,1979,January
214,1979-02-01,18.0,13.0,1021.2,3.1,2277.0,10.84,45.0,6000.0,8000.0,NE,26.0,13.0,18.0,3.0,1026.6,1005.5,10.3,0.0,1979,February
215,1979-03-01,17.0,12.0,1018.7,4.1,2445.0,77.86,45.0,6000.0,10000.0,ENE,26.0,14.0,18.0,5.0,1032.1,1009.1,9.8,2.1,1979,March
216,1979-04-01,20.0,13.0,1018.2,5.1,2075.0,18.16,45.0,22000.0,10000.0,ENE,27.0,15.0,19.0,0.0,1025.8,1009.2,10.3,1.5,1979,April
217,1979-05-01,21.0,16.0,1017.8,4.1,2416.0,3.3,45.0,6000.0,10000.0,NNE,35.0,17.0,24.0,10.0,1022.9,1012.3,8.2,0.5,1979,May
218,1979-06-01,22.0,18.0,1017.2,4.1,2371.0,8.69,45.0,600.0,10000.0,N,31.0,19.0,22.0,12.0,1023.2,1008.9,8.2,2.1,1979,June
219,1979-07-01,24.0,20.0,1017.8,4.1,1668.0,0.0,45.0,22000.0,10000.0,N,39.0,21.0,29.0,16.0,1022.1,1013.7,7.7,0.0,1979,July
220,1979-08-01,24.0,21.0,1015.15,4.1,1608.0,0.0,45.0,22000.0,10000.0,N,32.0,22.0,23.0,15.0,1019.0,1010.1,8.2,0.0,1979,August
221,1979-09-01,24.0,20.0,1017.0,4.1,1942.0,17.54,45.0,22000.0,10000.0,NNE,31.0,16.0,27.0,13.0,1023.5,1011.5,11.3,1.0,1979,September
222,1979-10-01,20.0,17.0,1015.4,3.1,3646.0,54.62,45.0,3000.0,8000.0,WSW,29.0,18.0,20.0,10.0,1022.3,1007.0,11.3,0.0,1979,October
223,1979-11-01,20.0,14.0,1020.4,4.1,1605.0,9.1,45.0,22000.0,10000.0,ENE,26.0,15.0,18.0,6.0,1025.7,1012.7,7.2,0.0,1979,November
224,1979-12-01,17.0,9.5,1024.7,2.6,2222.0,0.17,45.0,22000.0,10000.0,E,22.0,9.0,15.0,2.0,1028.1,1009.1,7.7,0.0,1979,December
225,1980-01-01,17.0,11.0,1018.9,3.1,2774.0,26.71,45.0,22000.0,8000.0,E,22.0,8.0,16.0,2.0,1025.2,1007.4,12.4,0.0,1980,January
226,1980-02-01,18.0,12.0,1021.7,3.1,2619.0,9.81,45.0,22000.0,8000.0,E,24.0,14.0,17.0,4.0,1027.5,1006.3,8.2,0.0,1980,February
227,1980-03-01,18.0,13.0,1017.5,4.1,2836.0,9.57,45.0,6000.0,10000.0,E,33.0,15.0,24.0,8.0,1026.8,1001.9,11.3,0.0,1980,March
228,1980-04-01,20.0,15.0,1014.3,3.6,2354.0,26.9,45.0,22000.0,10000.0,W,31.0,13.0,23.0,8.0,1023.7,1007.8,9.3,0.0,1980,April
229,1980-05-01,21.0,16.0,1016.4,5.1,2239.0,51.35,45.0,22000.0,10000.0,N,29.0,16.0,20.0,9.0,1020.9,1006.2,31.4,0.0,1980,May
230,1980-06-01,23.0,19.0,1017.1,4.1,1868.0,0.45,45.0,22000.0,10000.0,N,32.0,19.0,26.0,13.0,1025.1,1012.7,8.8,0.0,1980,June
231,1980-07-01,26.0,20.0,1015.3,4.1,1595.0,0.0,45.0,22000.0,10000.0,N,38.0,20.0,28.0,15.0,1020.9,1009.1,8.2,0.0,1980,July
232,1980-08-01,28.0,21.0,1015.8,4.1,1593.0,8.26,45.0,22000.0,10000.0,N,44.0,21.0,32.0,18.0,1019.9,1008.7,9.8,0.0,1980,August
233,1980-09-01,25.0,21.0,1016.6,3.1,2297.0,35.02,45.0,22000.0,10000.0,N,38.0,17.0,30.0,17.0,1023.2,1009.8,10.3,0.0,1980,September
234,1980-10-01,23.0,18.0,1018.15,3.1,2335.0,18.93,45.0,22000.0,10000.0,E,33.0,17.0,27.0,11.0,1023.2,1009.4,9.3,0.0,1980,October
235,1980-11-01,20.0,15.0,1019.2,3.1,2961.0,53.64,45.0,22000.0,8000.0,E,24.0,15.0,19.0,8.0,1025.0,1008.2,7.2,0.0,1980,November
236,1980-12-01,17.0,10.0,1024.1,3.1,1712.0,9.53,45.0,22000.0,10000.0,E,28.0,11.0,15.0,1.0,1032.4,1014.2,10.3,0.0,1980,December
237,1981-01-01,16.5,8.0,1025.2,2.6,2133.0,17.48,45.0,22000.0,10000.0,ENE,25.0,11.0,20.0,2.0,1034.1,1014.5,8.2,0.0,1981,January
238,1981-02-01,17.0,11.0,1020.3,3.1,2472.0,43.72,45.0,22000.0,10000.0,ENE,23.0,13.0,24.0,4.0,1032.5,1003.3,13.4,0.0,1981,February
239,1981-03-01,19.0,13.0,1017.8,3.0,2820.0,14.7,45.0,22000.0,10000.0,ENE,31.0,15.0,19.0,7.0,1028.1,1009.4,9.2,0.0,1981,March
240,1981-04-01,19.0,14.0,1016.1,3.0,2828.0,64.02,45.0,22000.0,10000.0,WNW,29.0,11.0,22.0,7.0,1022.8,1010.0,13.3,0.0,1981,April
241,1981-05-01,21.0,16.0,1017.1,4.1,2786.0,27.35,45.0,22000.0,10000.0,N,26.0,16.0,19.0,10.0,1023.6,1010.7,20.5,0.0,1981,May
242,1981-06-01,23.0,19.0,1015.8,3.0,2746.0,9.72,45.0,22000.0,10000.0,NNW,29.0,19.0,22.0,13.0,1024.1,1011.5,10.2,0.0,1981,June
243,1981-07-01,24.0,20.0,1015.5,4.1,3039.0,1.89,45.0,22000.0,10000.0,NNE,30.0,19.0,26.0,15.0,1020.1,1010.9,8.2,0.0,1981,July
244,1981-08-01,25.0,20.0,1016.3,5.1,2814.0,0.0,45.0,22000.0,10000.0,NNE,33.0,21.0,27.0,16.0,1019.9,1010.4,31.4,0.0,1981,August
245,1981-09-01,24.0,20.0,1017.4,5.1,2842.0,9.21,45.0,22000.0,10000.0,NNE,34.0,16.0,31.0,13.0,1022.3,1012.6,11.8,1.0,1981,September
246,1981-10-01,24.0,18.0,1017.4,3.3,2342.0,40.84,45.0,22000.0,10000.0,N,34.0,19.0,23.0,13.0,1022.1,1009.5,23.6,0.0,1981,October
247,1981-11-01,24.0,17.0,1020.45,2.0,2878.0,8.95,45.0,22000.0,10000.0,NNE,32.0,18.0,26.0,9.0,1028.2,1013.3,10.2,0.0,1981,November
248,1981-12-01,18.5,13.0,1021.6,3.0,2854.0,64.12,45.0,22000.0,10000.0,N,24.0,14.0,18.0,7.0,1028.5,1005.5,21.1,0.0,1981,December
249,1982-01-01,17.3,11.7,1021.7,4.0,2988.0,8.43,45.0,22000.0,10000.0,N,24.0,12.3,20.0,7.4,1031.1,1003.0,10.0,0.0,1982,January
250,1982-02-01,17.5,13.0,1019.9,3.0,1974.0,6.88,45.0,22000.0,10000.0,N,25.0,14.0,18.6,5.7,1026.6,1010.0,11.0,0.0,1982,February
251,1982-03-01,19.4,14.0,1017.05,5.0,1544.0,22.84,45.0,22000.0,10000.0,N,26.5,15.6,18.4,5.5,1028.6,1002.6,11.3,2.0,1982,March
252,1982-04-01,19.35,14.6,1014.2,3.0,1716.0,19.15,45.0,22000.0,10000.0,W,24.7,14.4,25.0,9.3,1023.6,1002.7,20.6,2.0,1982,April
253,1982-05-01,21.9,17.0,1016.7,4.6,1438.0,0.0,45.0,22000.0,10000.0,NNE,32.5,17.6,24.5,8.5,1020.7,1010.6,20.6,0.0,1982,May
254,1982-06-01,22.3,18.2,1017.4,5.1,1364.0,0.0,45.0,22000.0,10000.0,NNE,31.6,18.0,23.0,13.7,1021.6,1012.1,10.3,1.0,1982,June
255,1982-07-01,25.0,19.7,1017.1,5.1,1446.0,0.0,45.0,22000.0,10000.0,NNE,44.3,20.3,34.5,13.7,1021.1,1012.2,20.6,0.0,1982,July
256,1982-08-01,24.1,20.0,1015.5,4.1,1372.0,0.0,45.0,22000.0,10000.0,NNE,30.5,19.5,24.0,14.8,1019.7,1008.0,14.9,0.0,1982,August
257,1982-09-01,23.8,20.0,1017.1,3.1,1424.0,8.66,45.0,22000.0,10000.0,SW,28.6,21.7,22.6,13.7,1021.3,1010.7,7.2,1.0,1982,September
258,1982-10-01,22.3,16.35,1018.15,4.1,1426.0,4.65,45.0,22000.0,10000.0,NE,33.3,17.0,21.0,9.5,1025.4,1012.3,9.3,0.0,1982,October
259,1982-11-01,18.6,13.65,1021.6,3.35,1496.0,5.09,45.0,22000.0,10000.0,NE,26.0,15.4,20.0,8.0,1026.0,1001.6,20.6,0.0,1982,November
260,1982-12-01,16.0,8.6,1026.2,3.1,1562.0,33.8,45.0,22000.0,10000.0,NE,23.0,12.5,15.0,2.6,1032.1,1017.5,8.2,0.0,1982,December
261,1983-01-01,16.6,10.4,1029.0,1.5,1596.0,8.55,45.0,22000.0,10000.0,NE,24.0,12.1,16.2,4.4,1036.8,1019.9,20.6,0.0,1983,January
262,1983-02-01,17.0,12.0,1019.6,2.6,1728.0,21.58,45.0,6000.0,10000.0,NE,23.2,9.3,17.0,5.7,1031.2,1006.9,10.3,0.0,1983,February
263,1983-03-01,19.6,14.8,1019.4,2.6,1622.0,30.56,45.0,22000.0,10000.0,NE,31.1,15.0,24.9,6.8,1024.0,1009.7,9.3,0.0,1983,March
264,1983-04-01,18.7,15.25,1016.4,3.6,1502.0,20.11,45.0,9000.0,10000.0,W,36.2,14.5,29.0,5.2,1023.6,1007.3,8.2,1.0,1983,April
265,1983-05-01,20.0,15.5,1017.2,4.1,1522.0,0.05,45.0,22000.0,15000.0,N,24.1,16.8,18.5,8.5,1022.4,1012.9,8.2,0.0,1983,May
266,1983-06-01,22.75,18.5,1016.9,4.1,1442.0,8.62,45.0,22000.0,10000.0,NE,42.1,18.5,31.3,12.4,1020.3,1011.7,9.3,1.0,1983,June
267,1983-07-01,24.3,19.7,1017.0,4.85,1446.0,0.0,45.0,22000.0,10000.0,NNE,33.0,21.7,24.8,14.6,1021.6,1011.7,8.2,1.0,1983,July
268,1983-08-01,25.0,20.5,1016.75,5.1,1452.0,0.0,45.0,22000.0,10000.0,NNE,31.0,20.4,24.1,15.2,1022.9,1011.5,9.3,0.0,1983,August
269,1983-09-01,25.45,20.45,1016.5,4.1,1420.0,0.0,45.0,22000.0,10000.0,NNE,41.3,19.5,30.4,14.6,1024.5,1009.8,9.3,0.0,1983,September
270,1983-10-01,25.7,19.3,1019.3,4.1,1456.0,26.31,45.0,22000.0,10000.0,NE,35.0,16.4,25.5,12.0,1024.8,1009.7,10.3,0.0,1983,October
271,1983-11-01,20.4,17.0,1016.0,4.1,1784.0,35.13,45.0,22000.0,10000.0,E,32.4,16.4,25.2,12.2,1028.1,1005.5,11.3,0.0,1983,November
272,1983-12-01,17.6,12.1,1021.2,2.1,1722.0,0.5,45.0,22000.0,10000.0,E,22.6,14.5,18.0,4.6,1030.8,1011.1,13.4,0.0,1983,December
273,1984-01-01,16.0,8.8,1026.7,4.1,1484.0,8.76,45.0,22000.0,10000.0,ENE,19.2,12.6,18.5,2.7,1033.7,1014.9,31.4,1.0,1984,January
274,1984-02-01,16.6,10.6,1022.9,4.6,1362.0,10.25,45.0,22000.0,10000.0,ENE,21.0,14.0,15.5,1.6,1029.8,1005.9,13.4,0.0,1984,February
275,1984-03-01,17.45,12.0,1015.6,3.1,1694.0,9.59,45.0,22000.0,10000.0,E,25.0,12.2,18.0,5.1,1024.9,1001.5,10.3,0.0,1984,March
276,1984-04-01,19.5,15.5,1013.2,4.1,1550.0,18.53,45.0,22000.0,10000.0,W,35.1,16.4,22.7,10.6,1022.4,1004.7,11.3,0.0,1984,April
277,1984-05-01,19.3,15.0,1015.75,4.1,1754.0,28.39,45.0,22000.0,10000.0,NW,23.5,10.5,17.8,10.5,1023.0,1009.5,9.8,1.0,1984,May
278,1984-06-01,22.0,18.6,1017.4,4.1,1388.0,13.45,45.0,22000.0,10000.0,NE,30.3,18.5,21.7,12.0,1022.8,1012.3,27.2,1.0,1984,June
279,1984-07-01,28.45,21.0,1014.9,5.1,1406.0,0.0,45.0,22000.0,10000.0,NE,37.2,21.2,27.5,17.8,1020.3,1010.9,10.8,2.1,1984,July
280,1984-08-01,24.7,21.0,1015.7,4.1,1410.0,0.0,45.0,22000.0,10000.0,NNE,38.4,21.7,30.3,17.0,1019.7,1011.9,9.3,1.5,1984,August
281,1984-09-01,25.0,20.5,1016.35,4.1,1372.0,0.0,45.0,22000.0,10000.0,ENE,31.6,21.0,25.0,15.2,1020.1,1008.7,8.7,0.0,1984,September
282,1984-10-01,22.5,16.5,1018.3,4.1,1450.0,0.01,45.0,22000.0,10000.0,ENE,30.5,17.3,22.2,9.5,1023.4,1013.0,25.7,0.0,1984,October
283,1984-11-01,18.5,14.35,1018.4,3.1,1844.0,11.49,45.0,22000.0,10000.0,ENE,25.6,13.7,18.3,10.2,1024.8,1001.6,11.3,0.0,1984,November
284,1984-12-01,17.15,12.15,1021.7,3.1,1370.0,0.67,45.0,22000.0,10000.0,E,25.9,13.5,16.7,3.5,1029.0,1006.9,9.3,0.0,1984,December
285,1985-01-01,15.0,10.4,1018.0,2.6,1744.0,20.34,45.0,22000.0,10000.0,ENE,19.0,9.5,17.0,2.2,1027.4,1000.9,13.4,0.0,1985,January
286,1985-02-01,17.5,13.0,1019.15,2.1,1446.0,5.42,45.0,22000.0,10000.0,E,24.7,13.4,17.5,8.0,1026.2,1011.3,12.3,0.0,1985,February
287,1985-03-01,17.6,11.1,1018.4,4.1,1486.0,0.01,45.0,22000.0,10000.0,ENE,26.4,14.0,17.0,4.0,1029.0,1009.0,9.3,1.5,1985,March
288,1985-04-01,19.0,14.4,1015.9,3.1,1476.0,23.05,45.0,22000.0,10000.0,W,30.4,13.0,19.6,7.5,1023.7,1007.1,10.3,1.5,1985,April
289,1985-05-01,20.0,15.4,1015.0,4.1,1526.0,0.05,45.0,22000.0,10000.0,W,28.3,17.3,19.0,9.0,1021.2,1008.8,10.3,1.0,1985,May
290,1985-06-01,23.25,19.0,1017.1,3.6,1294.0,0.02,45.0,22000.0,15000.0,NW,27.2,20.6,29.8,14.0,1021.5,1013.0,13.4,0.5,1985,June
291,1985-07-01,26.4,20.5,1016.2,4.1,1386.0,0.0,45.0,22000.0,10000.0,N,37.6,21.3,32.2,15.5,1020.0,1012.1,8.2,1.5,1985,July
292,1985-08-01,28.25,21.0,1015.9,5.1,1284.0,0.0,45.0,22000.0,10000.0,NNE,37.8,21.5,32.0,17.2,1019.8,1011.4,8.7,1.5,1985,August
293,1985-09-01,24.9,20.5,1017.0,3.1,1242.0,0.0,45.0,22000.0,10000.0,NE,39.5,21.5,29.7,17.0,1020.3,1011.2,12.9,1.0,1985,September
294,1985-10-01,22.7,17.55,1017.1,3.1,1046.0,0.0,45.0,22000.0,10000.0,NE,31.8,18.8,25.5,10.7,1024.8,1011.1,7.7,0.0,1985,October
295,1985-11-01,20.5,15.6,1016.4,2.6,1232.0,0.21,45.0,22000.0,10000.0,ENE,34.4,13.2,23.0,8.5,1025.6,1005.4,10.3,0.0,1985,November
296,1985-12-01,17.5,11.9,1023.0,2.1,1216.0,7.2,45.0,22000.0,10000.0,E,30.4,12.2,20.0,7.0,1030.7,998.0,8.2,0.0,1985,December
297,1986-01-01,16.2,10.0,1026.55,3.1,1292.0,0.26,45.0,22000.0,10000.0,ENE,20.8,13.2,15.4,4.8,1033.5,1009.7,7.2,0.0,1986,January
298,1986-02-01,15.6,12.0,1016.6,2.6,860.0,12.62,45.0,540.0,10000.0,E,20.8,10.2,16.8,5.7,1023.3,1000.1,11.3,0.0,1986,February
299,1986-03-01,17.4,11.6,1020.8,4.6,1250.0,12.12,45.0,22000.0,10000.0,ENE,22.6,6.3,15.5,4.6,1029.1,1001.4,10.3,1.0,1986,March
300,1986-04-01,17.3,12.5,1015.85,4.1,1456.0,10.85,45.0,22000.0,10000.0,NNE,20.2,11.7,16.5,5.5,1025.4,1004.8,10.3,1.0,1986,April
301,1986-05-01,22.6,16.2,1016.1,4.6,2220.0,0.0,45.0,22000.0,10000.0,NNE,38.0,17.0,27.5,9.0,1020.8,1007.8,8.2,1.5,1986,May
302,1986-06-01,21.55,18.2,1015.7,4.1,1730.0,5.65,45.0,22000.0,10000.0,NNE,31.0,18.7,23.0,13.3,1021.1,1009.0,10.3,0.0,1986,June
303,1986-07-01,24.4,20.3,1015.1,4.1,1278.0,14.87,45.0,22000.0,10000.0,NNE,38.0,21.0,28.5,15.7,1021.2,1009.6,8.2,1.5,1986,July
304,1986-08-01,26.55,20.5,1015.65,4.6,1360.0,2.26,45.0,22000.0,10000.0,NNE,39.5,21.0,30.5,15.6,1020.7,1010.7,9.3,1.5,1986,August
305,1986-09-01,25.25,20.4,1015.9,4.1,1384.0,14.29,45.0,22000.0,10000.0,NE,38.0,19.6,26.5,15.5,1023.4,1011.7,10.3,1.0,1986,September
306,1986-10-01,22.1,17.8,1018.3,3.1,1446.0,0.03,45.0,22000.0,10000.0,NNE,27.2,19.1,21.5,13.0,1024.7,1010.4,14.4,0.0,1986,October
307,1986-11-01,18.9,13.3,1022.0,2.6,1424.0,0.26,45.0,22000.0,10000.0,NE,25.5,14.0,20.5,8.0,1026.9,1013.2,10.3,0.5,1986,November
308,1986-12-01,17.4,11.0,1026.2,3.1,1364.0,23.82,45.0,22000.0,10000.0,NE,22.6,13.4,17.2,1.8,1034.7,1020.4,8.2,0.0,1986,December
309,1987-01-01,16.8,13.1,1018.35,3.6,1559.0,26.85,45.0,6000.0,10000.0,ENE,30.7,13.6,20.7,5.0,1029.9,1006.6,13.4,0.5,1987,January
310,1987-02-01,16.8,12.6,1019.8,3.6,1392.0,5.65,45.0,22000.0,10000.0,NE,27.5,10.5,26.0,6.0,1028.1,1005.5,10.3,1.0,1987,February
311,1987-03-01,19.8,14.0,1018.05,3.85,1399.0,9.85,45.0,22000.0,10000.0,NE,31.3,11.2,21.5,7.2,1025.9,1005.0,12.3,1.0,1987,March
312,1987-04-01,20.65,15.8,1016.8,4.1,1246.0,0.11,45.0,7500.0,10000.0,NE,33.5,16.4,23.4,7.3,1028.1,1005.0,23.6,1.0,1987,April
313,1987-05-01,21.5,16.9,1015.7,4.1,1312.0,0.01,45.0,22000.0,10000.0,NE,31.7,19.0,21.0,10.3,1023.2,1010.3,7.7,1.0,1987,May
314,1987-06-01,23.5,19.0,1017.5,4.1,1334.0,4.68,45.0,22000.0,10000.0,NNE,31.4,20.5,22.7,14.0,1023.4,1011.4,10.3,2.1,1987,June
315,1987-07-01,24.1,20.8,1015.0,4.1,1266.0,0.0,45.0,22000.0,10000.0,NNE,32.6,21.5,25.6,15.4,1018.5,1009.4,8.2,1.5,1987,July
316,1987-08-01,25.0,21.0,1014.3,4.1,1250.0,0.01,45.0,22000.0,10000.0,NNE,40.8,21.0,31.0,15.7,1018.7,1008.5,8.2,1.5,1987,August
317,1987-09-01,27.6,22.2,1015.3,4.1,1200.0,0.06,45.0,22000.0,10000.0,NE,40.4,22.0,32.3,18.4,1019.5,1009.9,7.2,1.0,1987,September
318,1987-10-01,22.2,18.0,1016.1,4.1,1290.0,5.91,45.0,22000.0,10000.0,NE,27.5,15.7,22.0,12.5,1023.2,1009.5,22.6,1.5,1987,October
319,1987-11-01,19.05,14.9,1018.6,3.1,1374.0,6.66,45.0,22000.0,10000.0,NE,25.5,15.3,20.7,7.7,1025.6,1004.2,21.1,1.5,1987,November
320,1987-12-01,17.8,13.5,1021.3,3.1,1436.0,23.44,45.0,22000.0,10000.0,NE,24.1,14.0,17.7,7.6,1033.2,1002.7,13.9,0.0,1987,December
321,1988-01-01,16.0,11.4,1023.7,3.1,1544.0,21.54,45.0,22000.0,10000.0,NE,21.2,10.5,15.0,4.5,1030.6,1008.5,11.3,0.0,1988,January
322,1988-02-01,16.3,11.7,1017.2,3.1,1502.0,34.58,45.0,22000.0,10000.0,NE,23.4,9.7,17.7,2.9,1029.8,1006.8,11.3,1.0,1988,February
323,1988-03-01,20.0,12.9,1020.85,4.1,1380.0,1.66,45.0,22000.0,10000.0,NE,26.8,12.5,19.0,4.8,1029.8,1002.9,10.3,1.0,1988,March
324,1988-04-01,19.5,13.3,1015.5,3.1,1238.0,0.06,45.0,22000.0,10000.0,NE,30.0,12.8,20.0,8.5,1022.5,1008.6,8.7,0.0,1988,April
325,1988-05-01,20.4,16.2,1015.8,3.6,1468.0,0.16,45.0,22000.0,10000.0,NNE,25.7,15.7,20.4,9.7,1019.8,1005.2,10.3,0.0,1988,May
326,1988-06-01,22.0,17.95,1015.9,3.1,1320.0,0.48,45.0,22000.0,10000.0,W,27.6,18.0,21.5,14.2,1019.2,1007.4,8.2,0.0,1988,June
327,1988-07-01,26.5,21.25,1014.6,4.1,1238.0,0.0,45.0,22000.0,10000.0,NNE,41.3,21.3,34.8,15.0,1020.8,1007.3,18.5,0.0,1988,July
328,1988-08-01,26.5,21.4,1013.7,4.1,1296.0,14.7,45.0,22000.0,10000.0,NNE,42.0,20.0,35.9,15.6,1018.2,1004.9,9.3,1.0,1988,August
329,1988-09-01,25.1,20.5,1014.4,2.1,1290.0,9.43,45.0,22000.0,10000.0,ENE,41.5,17.5,33.2,13.8,1018.8,1008.9,9.3,0.0,1988,September
330,1988-10-01,21.6,17.9,1014.6,2.1,1392.0,0.1,45.0,22000.0,10000.0,ENE,33.0,17.5,22.3,11.8,1020.8,1004.7,11.3,0.0,1988,October
331,1988-11-01,20.0,16.45,1014.65,3.1,1721.0,2.74,45.0,22000.0,10000.0,W,25.3,14.8,20.3,7.7,1024.3,1006.4,16.4,0.0,1988,November
332,1988-12-01,17.0,9.0,1024.25,2.1,1408.0,0.03,45.0,22000.0,10000.0,ENE,21.6,14.2,15.1,3.6,1029.1,1015.1,6.2,0.0,1988,December
333,1989-01-01,15.8,9.4,1025.8,3.1,1394.0,0.7,45.0,22000.0,10000.0,ENE,20.3,12.0,14.3,3.6,1036.6,1012.4,8.2,0.0,1989,January
334,1989-02-01,17.2,11.95,1022.5,3.1,1396.0,17.28,45.0,22000.0,10000.0,NE,23.2,13.0,17.6,4.4,1031.2,1013.2,9.3,1.0,1989,February
335,1989-03-01,19.5,12.55,1017.1,4.1,1406.0,10.58,45.0,22000.0,10000.0,NE,28.8,12.8,18.8,6.1,1022.5,1007.4,8.2,1.5,1989,March
336,1989-04-01,18.15,13.4,1015.7,5.1,1374.0,6.2,45.0,22000.0,10000.0,NNE,27.0,10.0,17.8,5.9,1026.4,1004.8,13.9,1.5,1989,April
337,1989-05-01,21.1,16.5,1015.0,4.1,1340.0,0.03,45.0,22000.0,10000.0,W,35.2,17.5,28.5,10.5,1020.5,1006.4,10.3,1.0,1989,May
338,1989-06-01,22.5,18.4,1017.1,4.6,724.0,0.0,45.0,22000.0,10000.0,W,25.5,0.7,29.2,12.8,1019.2,1011.1,29.8,1.5,1989,June
339,1989-07-01,25.0,21.7,1015.25,5.1,1172.0,10.58,45.0,22000.0,10000.0,W,35.5,20.6,29.9,16.4,1019.3,1010.7,13.9,1.0,1989,July
340,1989-08-01,27.3,22.7,1014.3,5.1,1190.0,0.01,45.0,22000.0,10000.0,N,34.2,23.0,30.7,17.5,1017.7,1008.4,15.9,1.0,1989,August
341,1989-09-01,24.4,20.75,1014.35,4.1,1202.0,0.0,45.0,22000.0,10000.0,NNE,36.5,20.2,30.7,14.8,1019.9,1005.1,8.2,1.0,1989,September
342,1989-10-01,23.0,19.5,1015.8,3.6,1368.0,10.93,45.0,22000.0,10000.0,ENE,36.8,18.3,28.2,12.5,1023.2,1008.3,44.7,0.0,1989,October
343,1989-11-01,19.0,15.7,1014.55,4.1,1430.0,14.26,45.0,6000.0,10000.0,ENE,24.8,12.8,19.0,11.0,1022.7,1001.4,10.3,1.0,1989,November
344,1989-12-01,18.5,15.0,1015.8,4.1,1776.0,6.78,45.0,3000.0,10000.0,WSW,23.5,14.0,19.7,8.6,1027.7,996.2,14.4,0.0,1989,December
345,1990-01-01,15.5,9.15,1024.65,3.1,1406.0,0.25,45.0,22000.0,10000.0,ENE,19.0,12.3,17.0,4.8,1032.6,1011.7,7.2,1.0,1990,January
346,1990-02-01,19.7,12.0,1022.5,3.6,1150.0,0.01,45.0,22000.0,10000.0,ENE,26.3,12.0,18.8,7.3,1030.0,1015.4,10.8,0.0,1990,February
347,1990-03-01,19.85,14.2,1020.5,3.6,1374.0,0.26,45.0,22000.0,10000.0,ENE,26.6,14.5,19.0,8.8,1029.7,1004.3,12.9,0.0,1990,March
348,1990-04-01,18.8,14.3,1015.15,5.7,1629.0,11.66,45.0,22000.0,10000.0,NNE,25.7,14.5,17.5,7.8,1024.0,1005.2,13.4,1.0,1990,April
349,1990-05-01,21.45,17.4,1014.7,4.1,1270.0,10.19,45.0,22000.0,10000.0,NNE,32.2,17.8,25.7,12.4,1019.4,1008.0,9.8,0.0,1990,May
350,1990-06-01,23.0,18.8,1016.6,5.1,1190.0,10.51,45.0,22000.0,10000.0,NNE,28.2,19.7,21.7,14.2,1020.9,1009.9,12.9,0.0,1990,June
351,1990-07-01,25.9,20.8,1015.2,4.6,1248.0,15.55,45.0,22000.0,10000.0,NE,36.7,19.5,29.5,16.5,1019.8,1009.8,9.3,0.0,1990,July
352,1990-08-01,28.1,22.4,1015.7,5.1,1302.0,0.0,45.0,22000.0,10000.0,NE,42.7,21.0,31.7,17.7,1019.0,1009.1,9.8,1.0,1990,August
353,1990-09-01,24.0,21.45,1015.8,3.6,1316.0,9.34,45.0,22000.0,10000.0,W,34.7,21.0,28.0,16.6,1020.2,1008.5,8.7,0.0,1990,September
354,1990-10-01,22.3,18.15,1016.6,4.1,1518.0,4.61,45.0,22000.0,10000.0,ENE,29.5,19.4,22.3,12.2,1020.4,1011.1,9.3,0.0,1990,October
355,1990-11-01,19.2,14.65,1016.5,3.6,1312.0,18.0,45.0,22000.0,10000.0,ENE,28.3,15.6,19.8,7.5,1026.1,1009.9,9.3,0.0,1990,November
356,1990-12-01,16.7,12.2,1016.6,3.6,1936.0,11.25,45.0,22000.0,10000.0,NE,28.0,11.8,18.5,6.5,1030.2,1004.8,10.3,0.0,1990,December
357,1991-01-01,16.2,9.3,1024.05,3.1,1396.0,0.18,45.0,22000.0,10000.0,ENE,21.5,13.1,16.8,3.8,1030.7,1012.7,10.3,0.0,1991,January
358,1991-02-01,15.5,10.0,1021.1,4.1,1424.0,0.66,45.0,22000.0,10000.0,NE,20.2,12.3,14.6,4.9,1027.7,992.5,15.4,0.0,1991,February
359,1991-03-01,16.75,13.4,1015.5,4.1,1940.0,10.07,45.0,9000.0,10000.0,ENE,24.9,11.5,16.8,7.3,1025.1,991.6,18.0,0.0,1991,March
360,1991-04-01,18.4,13.7,1015.95,4.1,1641.0,13.7,45.0,22000.0,10000.0,NE,29.6,15.6,20.0,7.7,1026.0,1009.9,10.8,0.0,1991,April
361,1991-05-01,20.25,15.55,1016.1,4.6,1454.0,0.0,45.0,22000.0,10000.0,NE,35.0,16.8,27.0,7.2,1021.1,1007.8,9.8,0.0,1991,May
362,1991-06-01,22.7,18.5,1016.2,4.6,1474.0,0.03,45.0,22000.0,10000.0,NNE,34.0,20.0,24.7,14.5,1020.4,1008.5,8.2,0.0,1991,June
363,1991-07-01,24.5,20.6,1015.0,4.6,1350.0,0.0,45.0,22000.0,10000.0,NNE,43.0,18.5,27.0,15.2,1021.6,1009.5,13.4,0.0,1991,July
364,1991-08-01,25.2,21.4,1014.9,4.1,1362.0,0.0,45.0,22000.0,10000.0,NNE,34.5,19.7,25.5,15.5,1019.8,1009.0,9.3,0.0,1991,August
365,1991-09-01,24.55,20.8,1016.0,4.1,1084.0,0.23,45.0,22000.0,10000.0,NE,34.8,19.4,25.6,13.5,1021.3,1010.0,10.3,0.0,1991,September
366,1991-10-01,21.25,17.2,1016.25,4.1,1174.0,0.76,45.0,22000.0,10000.0,ENE,29.2,15.5,21.7,11.3,1020.4,1005.9,41.1,0.0,1991,October
367,1991-11-01,19.4,13.45,1020.0,4.1,1322.0,9.99,45.0,22000.0,10000.0,ENE,29.5,14.3,20.2,3.0,1025.1,1010.6,10.3,0.0,1991,November
368,1991-12-01,17.9,11.85,1023.7,3.6,1616.0,0.15,45.0,22000.0,10000.0,ENE,24.4,14.3,23.4,5.2,1030.7,1003.0,12.3,0.0,1991,December
369,1992-01-01,17.0,9.0,1021.2,3.1,1412.0,17.47,45.0,22000.0,10000.0,ENE,25.2,13.5,19.4,3.5,1030.8,1013.5,7.7,0.0,1992,January
370,1992-02-01,18.25,13.05,1021.45,3.6,1502.0,7.76,45.0,22000.0,10000.0,ENE,27.6,15.5,19.4,6.4,1029.6,1013.0,8.7,0.0,1992,February
371,1992-03-01,18.8,13.8,1020.8,4.6,1725.0,0.25,45.0,22000.0,10000.0,ENE,27.0,14.6,18.5,7.0,1026.0,1011.4,8.7,0.0,1992,March
372,1992-04-01,22.0,15.2,1016.3,5.7,1476.0,10.2,45.0,22000.0,10000.0,NE,32.4,14.3,25.0,9.6,1022.9,1007.9,19.0,0.0,1992,April
373,1992-05-01,21.4,17.4,1015.1,4.6,1496.0,4.38,45.0,22000.0,10000.0,W,36.5,18.2,30.0,9.7,1019.0,1006.9,11.8,0.0,1992,May
374,1992-06-01,21.5,18.05,1017.0,4.6,1604.0,0.12,45.0,22000.0,10000.0,NNE,27.0,18.7,21.8,13.0,1021.5,1008.3,9.8,0.0,1992,June
375,1992-07-01,24.4,20.6,1015.0,4.6,1418.0,0.0,45.0,22000.0,10000.0,NNE,33.6,21.4,26.8,18.7,1019.7,1010.0,16.4,0.0,1992,July
376,1992-08-01,25.5,21.2,1015.9,4.6,1514.0,0.01,45.0,22000.0,10000.0,NNE,36.0,20.9,36.4,15.7,1020.3,1010.0,10.8,0.0,1992,August
377,1992-09-01,25.0,20.5,1016.7,4.6,1426.0,0.0,45.0,22000.0,10000.0,NE,35.5,19.4,28.0,12.9,1020.8,1011.1,10.8,0.0,1992,September
378,1992-10-01,20.6,17.4,1015.6,4.1,1648.0,21.82,45.0,22000.0,10000.0,NNE,26.3,17.2,21.2,11.5,1025.6,1006.6,12.9,0.0,1992,October
379,1992-11-01,19.2,13.15,1023.2,3.6,1494.0,4.33,45.0,22000.0,10000.0,ENE,27.5,13.5,18.0,6.8,1029.2,1016.1,10.8,0.0,1992,November
380,1992-12-01,17.0,13.35,1017.2,3.6,1794.0,22.26,45.0,22000.0,10000.0,ENE,21.4,14.1,17.6,6.9,1025.9,1009.3,9.3,0.0,1992,December
381,1993-01-01,16.2,8.65,1027.1,3.1,1616.0,17.06,45.0,22000.0,10000.0,ENE,20.2,10.3,14.5,4.0,1032.4,1009.7,11.8,0.0,1993,January
382,1993-02-01,17.0,10.8,1019.4,3.1,1558.0,19.93,45.0,22000.0,10000.0,ENE,25.8,13.5,18.3,7.2,1026.0,1007.6,7.7,0.0,1993,February
383,1993-03-01,18.35,14.2,1017.4,4.1,1778.0,13.72,45.0,22000.0,10000.0,ENE,28.3,13.3,22.7,8.6,1023.2,1007.0,9.8,0.0,1993,March
384,1993-04-01,19.55,14.2,1016.3,4.1,1602.0,0.2,45.0,22000.0,10000.0,NE,25.6,15.9,20.0,8.0,1023.4,1010.7,9.8,0.0,1993,April
385,1993-05-01,20.35,16.5,1015.0,4.1,1602.0,8.86,45.0,22000.0,10000.0,W,24.7,14.0,28.2,11.5,1018.6,1008.4,9.8,0.0,1993,May
386,1993-06-01,22.4,18.5,1016.8,4.6,1400.0,0.0,45.0,22000.0,10000.0,NNE,27.5,15.5,22.2,13.4,1022.0,1009.1,27.8,0.0,1993,June
387,1993-07-01,24.6,21.0,1015.0,4.6,1452.0,0.0,45.0,22000.0,10000.0,NNE,45.5,21.0,36.4,17.3,1019.1,1008.5,9.3,1.5,1993,July
388,1993-08-01,24.1,20.4,1015.7,4.6,1470.0,12.34,45.0,22000.0,10000.0,NNE,38.4,20.2,24.9,15.8,1019.5,1010.1,8.7,0.0,1993,August
389,1993-09-01,23.5,19.35,1016.7,4.6,1346.0,0.0,45.0,22000.0,10000.0,NNE,28.1,20.2,22.5,12.7,1020.6,1012.2,8.7,0.0,1993,September
390,1993-10-01,20.5,17.3,1014.8,4.1,1656.0,1.06,45.0,22000.0,10000.0,ENE,26.0,15.8,24.7,12.0,1022.0,1005.3,12.3,0.0,1993,October
391,1993-11-01,17.7,13.5,1016.0,2.6,1970.0,11.02,45.0,22000.0,10000.0,E,20.5,12.3,19.5,8.0,1027.3,1006.4,14.9,0.0,1993,November
392,1993-12-01,16.7,11.2,1024.05,4.1,1360.0,9.58,45.0,22000.0,10000.0,NE,22.5,9.4,16.8,5.7,1030.0,1015.4,8.7,0.0,1993,December
393,1994-01-01,15.45,9.65,1023.55,3.6,1552.0,0.29,45.0,22000.0,10000.0,NE,20.0,11.4,17.5,4.0,1031.8,1005.3,15.4,0.0,1994,January
394,1994-02-01,17.25,12.0,1021.3,4.1,1500.0,6.42,45.0,22000.0,10000.0,ENE,24.2,13.2,17.3,5.3,1027.6,1011.1,11.8,1.0,1994,February
395,1994-03-01,18.5,12.8,1018.3,4.1,1629.0,4.39,45.0,22000.0,10000.0,ENE,24.8,11.9,22.0,9.0,1027.1,1010.0,9.3,0.0,1994,March
396,1994-04-01,19.5,13.8,1016.1,5.1,1450.0,8.78,45.0,22000.0,10000.0,NE,29.8,15.7,21.5,6.5,1028.5,1007.8,10.3,0.0,1994,April
397,1994-05-01,20.4,17.0,1015.6,4.6,1554.0,33.46,45.0,22000.0,10000.0,W,28.9,17.6,21.0,10.0,1021.3,1007.8,16.4,1.0,1994,May
398,1994-06-01,23.2,19.1,1016.2,4.6,1362.0,3.21,45.0,22000.0,10000.0,NNE,39.0,19.6,25.0,13.8,1021.2,1008.0,10.8,0.0,1994,June
399,1994-07-01,28.2,21.0,1014.2,5.7,1380.0,4.41,45.0,22000.0,10000.0,NE,41.2,21.8,32.5,17.7,1018.1,1010.0,10.8,1.5,1994,July
400,1994-08-01,25.8,20.9,1014.7,5.1,1302.0,0.09,45.0,22000.0,10000.0,NE,34.8,21.6,28.3,18.0,1019.6,1010.9,9.8,1.0,1994,August
401,1994-09-01,24.9,19.1,1015.5,5.1,1404.0,4.25,45.0,22000.0,10000.0,NE,32.8,16.7,23.3,11.6,1020.3,1009.3,9.8,1.0,1994,September
402,1994-10-01,21.8,18.2,1015.1,4.1,1512.0,0.17,45.0,22000.0,10000.0,ENE,29.5,18.5,23.6,14.2,1021.9,1006.5,8.7,0.0,1994,October
403,1994-11-01,20.35,14.45,1019.95,3.1,1416.0,4.53,45.0,22000.0,10000.0,ENE,26.5,16.0,20.0,8.0,1027.4,1011.4,8.2,0.0,1994,November
404,1994-12-01,18.9,12.6,1025.35,4.1,1479.0,0.2,45.0,22000.0,10000.0,ENE,26.6,15.0,21.1,6.7,1031.3,1012.0,10.8,0.0,1994,December
405,1995-01-01,17.55,10.5,1026.45,4.6,1494.0,0.08,45.0,22000.0,10000.0,ENE,23.4,14.5,18.1,4.4,1033.0,1021.0,8.7,0.0,1995,January
406,1995-02-01,18.6,12.35,1024.1,4.6,1368.0,0.25,45.0,22000.0,10000.0,ENE,25.8,11.8,17.7,4.5,1031.2,1011.2,9.8,0.0,1995,February
407,1995-03-01,18.9,14.2,1016.5,4.6,1464.0,0.3,45.0,22000.0,10000.0,ENE,28.4,12.8,23.2,4.5,1028.4,1001.2,20.0,0.0,1995,March
408,1995-04-01,20.3,16.2,1013.5,4.6,1512.0,0.19,45.0,22000.0,10000.0,ENE,28.7,16.7,22.0,8.5,1020.8,1005.0,9.8,0.0,1995,April
409,1995-05-01,23.2,18.1,1015.0,5.1,1464.0,0.08,45.0,22000.0,10000.0,NNE,34.4,17.2,30.1,13.0,1019.4,1008.6,10.8,0.0,1995,May
410,1995-06-01,22.8,18.9,1014.95,4.6,1440.0,0.0,45.0,22000.0,15000.0,NNE,32.0,20.3,23.2,13.9,1019.8,1008.7,8.7,0.0,1995,June
411,1995-07-01,25.6,21.1,1013.7,5.1,1464.0,8.3,45.0,22000.0,10000.0,NNE,37.9,22.2,29.5,16.1,1020.6,1007.2,9.8,1.0,1995,July
412,1995-08-01,26.25,21.6,1014.2,5.1,1488.0,4.09,45.0,22000.0,10000.0,NE,36.0,21.8,28.5,16.0,1018.5,1008.6,9.8,0.0,1995,August
413,1995-09-01,24.45,19.3,1016.2,4.6,1458.0,4.27,45.0,22000.0,10000.0,ENE,30.5,20.4,24.5,5.1,1021.4,1010.5,10.3,0.0,1995,September
414,1995-10-01,23.7,18.95,1016.6,3.6,1434.0,4.48,45.0,22000.0,10000.0,ENE,32.8,18.5,24.4,13.8,1022.2,1009.0,12.9,0.0,1995,October
415,1995-11-01,21.5,17.5,1016.4,4.1,1434.0,14.12,45.0,22000.0,10000.0,ENE,31.0,15.0,21.8,9.9,1026.9,1004.2,10.8,0.0,1995,November
416,1995-12-01,18.7,14.5,1018.2,4.1,1500.0,6.17,45.0,9000.0,10000.0,SW,22.0,12.5,19.2,8.6,1027.5,995.7,17.0,0.0,1995,December
417,1996-01-01,17.4,14.8,1012.8,5.1,1578.0,14.16,45.0,480.0,10000.0,SW,21.5,12.8,19.3,9.7,1023.5,998.8,18.5,0.0,1996,January
418,1996-02-01,16.0,10.8,1019.1,3.6,1422.0,14.57,45.0,22000.0,10000.0,E,23.2,11.4,18.5,5.0,1028.5,1009.5,8.2,0.0,1996,February
419,1996-03-01,18.1,13.4,1012.8,3.6,1452.0,0.68,45.0,22000.0,10000.0,E,26.9,12.0,19.0,6.6,1021.3,1003.9,8.7,0.0,1996,March
420,1996-04-01,19.6,15.0,1014.8,4.1,1383.0,4.76,45.0,22000.0,10000.0,ENE,25.2,17.3,19.8,9.5,1022.5,1007.3,8.7,0.0,1996,April
421,1996-05-01,20.7,17.5,1014.6,5.1,1548.0,0.55,45.0,22000.0,15000.0,W,30.8,17.2,23.0,10.8,1021.4,1007.2,9.8,0.0,1996,May
422,1996-06-01,24.0,20.05,1015.4,4.6,1338.0,13.71,45.0,22000.0,10000.0,NE,31.8,19.8,25.6,14.0,1021.5,1010.1,9.8,1.0,1996,June
423,1996-07-01,25.7,21.0,1015.25,5.1,1488.0,0.0,45.0,22000.0,10000.0,NE,36.0,21.0,27.8,18.3,1020.2,1010.5,8.7,0.0,1996,July
424,1996-08-01,26.2,20.7,1015.7,5.1,1446.0,0.0,45.0,22000.0,15000.0,NE,31.5,21.8,23.3,16.7,1020.0,1009.7,9.8,1.0,1996,August
425,1996-09-01,23.65,19.7,1015.5,4.6,1488.0,8.46,45.0,22000.0,10000.0,E,32.5,18.0,23.5,14.5,1021.2,1006.2,9.8,0.0,1996,September
426,1996-10-01,23.5,17.3,1018.2,5.1,1470.0,0.06,45.0,22000.0,10000.0,E,32.6,17.0,21.5,11.2,1022.8,1009.4,10.8,0.0,1996,October
427,1996-11-01,20.0,14.8,1021.95,5.1,1407.0,4.76,45.0,22000.0,10000.0,E,31.5,15.8,26.5,9.0,1026.0,1002.6,10.8,1.0,1996,November
428,1996-12-01,17.5,14.6,1014.7,5.1,1488.0,21.77,45.0,3600.0,10000.0,SW,22.1,12.5,18.5,8.0,1022.6,997.3,13.9,0.0,1996,December
429,1997-01-01,17.0,12.55,1017.25,3.6,1506.0,1.21,45.0,9000.0,10000.0,E,25.0,12.6,17.6,6.2,1025.5,1003.5,13.9,1.0,1997,January
430,1997-02-01,19.0,13.0,1024.8,5.1,1362.0,0.14,45.0,22000.0,10000.0,E,24.4,6.7,18.5,8.1,1033.2,1018.2,10.8,1.0,1997,February
431,1997-03-01,20.8,13.0,1018.7,3.6,1506.0,0.14,45.0,22000.0,10000.0,E,27.8,15.5,20.2,8.0,1028.3,1003.9,7.7,0.0,1997,March
432,1997-04-01,20.4,16.0,1014.5,4.1,1476.0,4.83,45.0,22000.0,10000.0,E,29.8,16.2,23.3,11.0,1023.7,1003.8,8.7,0.0,1997,April
433,1997-05-01,21.6,17.4,1016.3,4.6,1506.0,4.09,45.0,22000.0,15000.0,E,25.6,18.7,20.5,11.0,1021.6,1008.0,8.2,0.0,1997,May
434,1997-06-01,23.45,19.5,1015.7,5.1,1446.0,0.0,45.0,22000.0,20000.0,NE,27.2,21.0,22.5,14.2,1020.1,1010.3,8.7,1.5,1997,June
435,1997-07-01,24.0,20.5,1016.1,4.1,1482.0,0.07,45.0,22000.0,15000.0,NE,29.0,21.1,23.2,15.0,1021.0,1012.9,12.3,1.5,1997,July
436,1997-08-01,25.5,21.25,1015.7,4.6,1476.0,0.0,45.0,22000.0,10000.0,NE,30.8,21.7,23.6,15.5,1019.1,1011.2,9.8,0.0,1997,August
437,1997-09-01,24.2,21.5,1014.6,4.1,1434.0,0.11,45.0,22000.0,10000.0,W,30.7,18.0,25.0,15.5,1020.7,1009.6,17.5,0.0,1997,September
438,1997-10-01,23.5,19.5,1014.7,4.1,1446.0,0.33,45.0,22000.0,10000.0,E,31.0,19.5,23.1,11.6,1021.4,1007.7,12.9,1.0,1997,October
439,1997-11-01,20.0,15.8,1017.5,3.6,1479.0,4.87,45.0,22000.0,10000.0,E,25.5,16.8,23.2,10.2,1023.5,1004.5,11.8,0.0,1997,November
440,1997-12-01,17.7,12.6,1020.6,4.1,1434.0,5.17,45.0,22000.0,10000.0,E,23.6,13.5,19.5,6.0,1032.2,1007.3,11.8,0.0,1997,December
441,1998-01-01,17.2,11.2,1021.8,3.6,1398.0,18.8,45.0,22000.0,10000.0,E,24.4,13.2,19.5,4.7,1028.8,1000.3,10.8,1.0,1998,January
442,1998-02-01,19.6,14.7,1021.7,3.6,1368.0,5.3,45.0,22000.0,10000.0,E,27.2,15.8,20.2,6.2,1032.1,1003.0,10.3,0.0,1998,February
443,1998-03-01,22.7,14.0,1021.3,4.1,1440.0,8.93,45.0,22000.0,10000.0,E,35.0,15.6,22.5,5.4,1027.7,1006.2,9.3,1.0,1998,March
444,1998-04-01,19.8,14.5,1017.3,5.1,1488.0,4.46,45.0,22000.0,15000.0,E,29.5,16.3,20.7,7.7,1021.7,1010.0,9.8,1.0,1998,April
445,1998-05-01,20.5,16.9,1015.9,4.1,1524.0,4.19,45.0,22000.0,15000.0,E,24.8,17.4,19.7,8.3,1019.8,1009.5,9.8,1.5,1998,May
446,1998-06-01,23.1,19.2,1016.8,5.1,1410.0,0.06,45.0,22000.0,15000.0,NE,36.9,18.0,30.0,13.3,1020.8,1010.2,8.7,1.0,1998,June
447,1998-07-01,25.7,20.5,1015.1,5.1,1458.0,0.0,45.0,22000.0,15000.0,NE,33.6,21.6,26.0,17.5,1018.8,1008.6,29.8,1.0,1998,July
448,1998-08-01,25.45,21.25,1013.9,5.1,1332.0,0.0,45.0,22000.0,10000.0,NE,35.8,22.6,30.0,17.0,1019.2,1009.7,8.7,0.0,1998,August
449,1998-09-01,24.4,21.0,1015.0,4.1,1428.0,0.01,45.0,22000.0,10000.0,NE,30.4,21.6,25.0,16.0,1021.2,1011.4,8.2,1.0,1998,September
450,1998-10-01,23.5,17.15,1019.5,4.6,1473.0,0.11,45.0,22000.0,10000.0,E,32.8,17.5,22.3,12.0,1025.3,1012.7,10.8,1.0,1998,October
451,1998-11-01,21.2,15.0,1018.55,4.1,1404.0,0.0,45.0,22000.0,10000.0,E,30.0,15.8,21.0,6.5,1025.9,1011.4,8.7,1.0,1998,November
452,1998-12-01,16.9,11.1,1023.1,4.1,1831.0,0.37,45.0,22000.0,10000.0,E,21.6,12.0,15.9,5.2,1031.7,1008.7,13.4,1.0,1998,December
453,1999-01-01,16.2,10.65,1021.3,3.6,992.0,0.86,45.0,22000.0,10000.0,E,26.0,10.4,17.7,5.0,1030.8,1006.5,9.3,0.0,1999,January
454,1999-02-01,16.2,10.5,1021.7,4.1,466.0,0.38,45.0,22000.0,10000.0,ENE,20.5,12.4,15.2,4.0,1032.0,1010.5,11.3,0.0,1999,February
455,1999-03-01,17.7,13.2,1015.6,4.1,454.0,0.39,45.0,22000.0,10000.0,ENE,27.4,14.4,18.8,6.6,1025.3,1006.6,10.8,0.0,1999,March
456,1999-04-01,21.5,15.0,1018.0,4.6,129.0,0.04,45.0,22000.0,10000.0,NNE,29.0,16.2,19.8,8.3,1023.7,1006.4,8.7,0.0,1999,April
457,1999-05-01,22.2,17.25,1015.9,4.1,243.0,0.12,45.0,22000.0,15000.0,NE,31.9,18.1,22.6,10.0,1022.0,1010.8,9.8,0.0,1999,May
458,1999-06-01,23.6,19.4,1016.9,4.1,0.0,0.01,45.0,22000.0,15000.0,NNE,30.0,20.8,23.2,13.7,1021.5,1013.4,8.7,0.0,1999,June
459,1999-07-01,25.5,21.0,1015.1,4.6,0.0,0.0,45.0,22000.0,15000.0,NNE,34.5,21.5,25.3,16.6,1017.9,1009.4,8.7,0.0,1999,July
460,1999-08-01,26.6,22.0,1013.4,4.6,0.0,0.0,45.0,22000.0,15000.0,NE,35.6,23.0,26.8,16.9,1017.6,1008.8,7.7,1.0,1999,August
461,1999-09-01,24.75,20.5,1014.9,4.1,289.0,0.04,45.0,22000.0,10000.0,NNE,29.0,21.3,23.9,15.8,1022.7,1010.7,9.8,0.0,1999,September
462,1999-10-01,22.0,19.0,1016.7,3.6,3128.0,0.92,45.0,22000.0,10000.0,E,28.2,16.7,22.0,13.4,1023.9,1005.6,10.8,0.0,1999,October
463,1999-11-01,18.5,13.0,1019.2,3.1,2098.0,0.33,45.0,22000.0,10000.0,ENE,33.6,14.4,23.8,6.4,1027.2,1009.1,8.2,0.0,1999,November
464,1999-12-01,16.7,10.6,1023.95,3.6,1925.0,0.34,45.0,22000.0,10000.0,ENE,25.5,12.2,19.7,3.7,1030.5,1013.9,8.7,0.0,1999,December
465,2000-01-01,16.0,9.1,1021.6,2.6,1335.0,0.48,45.0,22000.0,10000.0,ENE,25.0,10.9,15.3,2.4,1029.1,1011.4,6.7,0.0,2000,January
466,2000-02-01,19.0,12.5,1025.2,3.6,0.0,0.0,45.0,22000.0,10000.0,NE,25.6,12.7,18.3,6.1,1033.9,1017.0,7.7,0.0,2000,February
467,2000-03-01,20.6,13.85,1018.5,3.6,0.0,0.0,45.0,22000.0,10000.0,ENE,33.6,16.1,26.5,8.2,1026.0,1010.3,9.3,0.0,2000,March
468,2000-04-01,18.8,14.7,1015.6,4.1,1106.0,0.41,45.0,22000.0,15000.0,W,23.7,11.7,19.0,7.0,1024.9,1000.6,11.8,0.0,2000,April
469,2000-05-01,21.0,17.4,1014.8,4.1,342.0,0.07,45.0,22000.0,20000.0,W,32.5,18.7,21.9,11.9,1023.5,1007.3,8.7,0.0,2000,May
470,2000-06-01,24.4,19.35,1016.0,4.85,0.0,0.0,45.0,22000.0,15000.0,NNE,36.0,19.4,24.9,15.0,1024.3,1012.3,10.8,0.0,2000,June
471,2000-07-01,25.6,20.7,1013.9,4.6,41.0,0.0,45.0,22000.0,15000.0,NNE,42.7,22.2,36.9,16.2,1019.0,1007.5,9.8,1.5,2000,July
472,2000-08-01,26.3,22.0,1015.3,4.6,0.0,0.0,45.0,22000.0,15000.0,NE,36.2,21.5,33.9,17.8,1019.7,1009.6,8.7,0.0,2000,August
473,2000-09-01,23.7,20.5,1015.2,3.1,206.0,0.02,45.0,22000.0,10000.0,NE,37.8,20.7,26.4,14.2,1020.8,1009.0,8.7,0.0,2000,September
474,2000-10-01,21.5,17.0,1017.8,3.6,497.0,0.22,45.0,22000.0,10000.0,NE,30.0,17.5,21.6,10.8,1023.3,1000.7,8.7,0.0,2000,October
475,2000-11-01,19.0,14.15,1019.1,3.1,216.0,0.03,45.0,22000.0,10000.0,NE,27.4,15.5,19.3,6.8,1025.5,1011.4,7.7,0.0,2000,November
476,2000-12-01,18.1,13.1,1020.4,3.1,1219.0,0.94,45.0,22000.0,10000.0,ENE,24.0,12.3,20.6,5.3,1030.5,998.3,13.9,0.0,2000,December
477,2001-01-01,17.0,12.4,1023.05,3.1,674.0,0.45,45.0,22000.0,10000.0,NE,20.5,14.5,16.4,6.9,1028.7,1013.9,8.7,0.0,2001,January
478,2001-02-01,17.3,11.0,1021.7,3.1,228.0,0.05,45.0,22000.0,10000.0,ENE,24.5,13.7,17.3,5.7,1029.5,1010.7,10.0,0.0,2001,February
479,2001-03-01,19.5,14.5,1015.9,4.1,480.0,0.39,45.0,22000.0,10000.0,NNE,27.5,16.3,19.4,9.6,1026.0,1007.0,21.0,0.0,2001,March
480,2001-04-01,21.1,14.9,1016.7,5.1,24.0,0.0,45.0,22000.0,15000.0,N,30.5,16.8,19.7,8.2,1025.1,1008.3,9.8,0.0,2001,April
481,2001-05-01,20.0,16.25,1016.2,4.1,54.0,0.01,45.0,22000.0,20000.0,N,40.2,17.2,31.3,8.3,1019.7,1008.9,7.2,0.0,2001,May
482,2001-06-01,24.6,19.5,1015.4,4.1,0.0,0.0,45.0,22000.0,20000.0,N,33.0,20.7,26.2,16.0,1020.8,1009.5,9.8,0.0,2001,June
483,2001-07-01,25.0,20.3,1015.9,5.1,0.0,0.0,45.0,22000.0,15000.0,NNE,30.9,21.7,24.0,15.8,1021.9,1008.9,9.8,0.0,2001,July
484,2001-08-01,26.7,21.6,1015.75,5.1,0.0,0.0,45.0,22000.0,15000.0,NNE,36.8,21.0,27.2,17.2,1020.1,1012.5,8.7,0.0,2001,August
485,2001-09-01,23.9,19.8,1015.3,4.1,165.0,0.06,45.0,22000.0,20000.0,W,28.7,21.5,24.1,16.5,1019.6,1009.6,8.7,0.0,2001,September
486,2001-10-01,23.6,18.15,1017.3,4.1,171.0,0.03,45.0,22000.0,20000.0,ENE,33.0,19.3,25.7,12.2,1023.7,1012.1,9.8,0.0,2001,October
487,2001-11-01,20.1,13.8,1016.9,4.1,513.0,0.27,45.0,22000.0,15000.0,ENE,29.7,13.6,23.2,6.7,1024.8,1011.5,8.7,1.0,2001,November
488,2001-12-01,19.05,13.85,1015.9,3.1,679.0,1.95,45.0,9000.0,20000.0,SW,25.0,16.5,19.3,9.6,1027.1,1007.8,11.3,0.0,2001,December
489,2002-01-01,18.5,9.5,1024.4,3.1,141.0,0.0,45.0,22000.0,20000.0,ENE,26.3,15.2,17.2,7.2,1029.6,1013.2,8.7,0.0,2002,January
490,2002-02-01,19.0,10.5,1022.6,4.1,295.0,0.24,45.0,22000.0,20000.0,ENE,26.6,15.4,17.2,7.5,1029.5,1009.2,21.6,1.0,2002,February
491,2002-03-01,19.0,12.0,1015.9,5.1,486.0,0.7,45.0,22000.0,20000.0,W,34.5,13.0,28.0,7.8,1024.8,1003.0,9.8,1.0,2002,March
492,2002-04-01,18.6,14.35,1016.0,5.7,519.0,0.57,45.0,22000.0,20000.0,W,32.0,15.1,18.7,9.1,1021.6,1000.1,48.3,1.0,2002,April
493,2002-05-01,21.6,15.15,1015.7,5.7,435.0,0.19,45.0,22000.0,20000.0,NNE,28.2,16.1,17.8,9.7,1023.5,1008.0,11.8,1.0,2002,May
494,2002-06-01,22.05,17.4,1017.6,5.1,99.0,0.01,45.0,22000.0,20000.0,NNE,36.6,18.7,19.7,12.2,1022.2,1013.4,11.0,1.0,2002,June
495,2002-07-01,23.8,19.5,1015.7,5.1,48.0,0.04,45.0,22000.0,20000.0,N,32.8,21.4,23.0,15.8,1020.1,1007.8,8.7,1.5,2002,July
496,2002-08-01,24.5,20.0,1015.8,5.1,72.0,0.0,45.0,22000.0,20000.0,NNE,30.0,20.8,21.8,16.0,1020.2,1009.1,8.2,1.0,2002,August
497,2002-09-01,24.2,18.35,1016.3,4.1,846.0,0.0,45.0,22000.0,20000.0,NW,34.5,21.4,21.8,16.7,1021.2,1009.9,8.7,0.0,2002,September
498,2002-10-01,24.0,18.2,1017.0,4.1,1200.0,7.44,45.0,22000.0,20000.0,E,37.1,21.0,23.5,13.0,1023.1,1005.3,9.8,0.0,2002,October
499,2002-11-01,19.0,14.4,1019.2,5.7,1585.0,16.99,45.0,22000.0,15000.0,E,30.3,14.7,18.8,9.9,1031.7,1000.6,13.9,0.0,2002,November
500,2002-12-01,18.3,12.8,1019.1,3.85,1260.0,1.32,45.0,22000.0,20000.0,E,26.4,14.3,23.2,4.8,1030.5,1011.8,11.8,0.0,2002,December
501,2003-01-01,16.5,8.2,1023.25,3.6,1395.0,7.58,45.0,22000.0,15000.0,ENE,20.3,11.4,15.4,2.1,1029.9,1016.3,10.8,1.0,2003,January
502,2003-02-01,16.8,7.8,1019.6,4.6,1317.0,15.61,45.0,22000.0,20000.0,ENE,24.0,13.0,14.7,3.3,1026.9,1009.1,10.8,1.0,2003,February
503,2003-03-01,19.2,12.2,1016.7,4.6,1188.0,0.67,45.0,22000.0,15000.0,ENE,28.0,13.3,17.0,8.3,1026.7,1007.2,10.8,1.0,2003,March
504,2003-04-01,19.45,13.05,1016.1,4.1,1210.0,0.19,45.0,22000.0,20000.0,W,24.2,16.6,17.2,8.4,1022.0,1007.8,10.8,1.0,2003,April
505,2003-05-01,23.2,16.85,1016.7,5.7,882.0,0.0,45.0,22000.0,20000.0,NNE,34.7,18.0,20.5,10.2,1023.3,1007.8,9.8,0.0,2003,May
506,2003-06-01,24.0,19.7,1015.6,5.1,828.0,0.0,45.0,22000.0,20000.0,NNE,36.3,20.5,25.5,16.2,1021.0,1005.6,9.8,1.5,2003,June
507,2003-07-01,26.8,20.4,1016.7,5.7,786.0,0.0,45.0,22000.0,20000.0,NNE,34.7,21.3,22.0,18.6,1020.7,1012.5,8.7,1.5,2003,July
508,2003-08-01,26.3,21.9,1016.0,6.2,780.0,0.0,45.0,22000.0,20000.0,NNE,34.2,21.7,26.1,16.1,1019.9,1011.5,10.8,0.0,2003,August
509,2003-09-01,25.8,19.2,1017.5,4.1,750.0,0.0,45.0,22000.0,20000.0,NNE,33.8,20.0,22.2,16.8,1021.7,1011.9,11.8,1.5,2003,September
510,2003-10-01,22.3,17.55,1015.0,4.1,1164.0,1.55,45.0,22000.0,15000.0,WSW,30.2,17.7,21.0,14.6,1019.9,1008.1,10.8,1.5,2003,October
511,2003-11-01,19.25,12.6,1018.3,3.6,984.0,16.39,45.0,22000.0,15000.0,E,27.7,15.2,15.1,8.7,1026.2,1003.4,8.7,0.0,2003,November
512,2003-12-01,17.5,11.2,1022.6,3.6,1304.0,24.34,45.0,22000.0,15000.0,ENE,23.7,13.6,16.6,7.2,1029.0,1009.1,12.9,0.0,2003,December
513,2004-01-01,17.0,8.8,1021.7,4.1,890.0,0.04,45.0,22000.0,15000.0,ENE,21.4,12.3,13.1,2.7,1030.1,1016.0,11.8,0.0,2004,January
514,2004-02-01,18.2,9.8,1022.15,3.6,1162.0,16.03,45.0,22000.0,15000.0,ENE,23.8,14.6,15.6,5.1,1029.8,1003.2,17.0,0.0,2004,February
515,2004-03-01,18.8,11.6,1022.4,5.7,1340.0,0.74,45.0,22000.0,15000.0,ENE,26.7,11.5,16.5,4.9,1031.1,1003.7,15.4,0.0,2004,March
516,2004-04-01,19.0,12.8,1015.6,4.6,1055.0,7.42,45.0,22000.0,20000.0,ENE,29.7,17.0,18.2,6.6,1022.7,1007.0,10.8,0.0,2004,April
517,2004-05-01,20.25,15.4,1017.65,5.7,1350.0,0.79,45.0,22000.0,15000.0,NW,27.4,15.0,27.0,10.3,1023.3,1003.6,10.8,0.0,2004,May
518,2004-06-01,23.6,18.8,1016.75,4.6,818.0,7.81,45.0,22000.0,20000.0,WNW,29.0,20.0,22.2,16.3,1021.7,1012.3,10.8,1.0,2004,June
519,2004-07-01,27.0,20.75,1015.4,6.2,882.0,0.0,45.0,22000.0,20000.0,NNE,43.0,21.7,30.2,16.4,1020.5,1010.9,12.9,0.0,2004,July
520,2004-08-01,27.1,21.1,1015.7,5.1,940.0,6.85,45.0,22000.0,20000.0,NNE,38.2,22.4,27.9,17.9,1021.4,1010.8,10.8,0.0,2004,August
521,2004-09-01,26.0,20.2,1017.4,5.1,846.0,0.0,45.0,22000.0,20000.0,ENE,34.5,21.5,24.7,16.9,1020.8,1014.4,11.0,1.0,2004,September
522,2004-10-01,23.3,18.45,1016.95,4.1,1389.0,21.9,45.0,9000.0,15000.0,SW,33.5,10.3,25.4,12.6,1021.4,1007.4,10.8,0.0,2004,October
523,2004-11-01,19.7,12.6,1018.6,2.6,1203.0,0.21,45.0,22000.0,15000.0,ENE,26.2,12.6,19.9,6.8,1026.3,1003.3,12.9,0.0,2004,November
524,2004-12-01,16.3,9.8,1019.65,2.6,1791.0,8.14,45.0,22000.0,15000.0,ENE,20.0,10.5,17.0,3.5,1033.7,1008.4,8.2,0.0,2004,December
525,2005-01-01,15.6,5.8,1024.3,2.6,900.0,0.03,45.0,22000.0,15000.0,NE,20.3,9.4,10.3,-0.4,1034.8,1012.8,7.2,0.0,2005,January
526,2005-02-01,15.5,7.6,1017.1,2.6,1552.0,8.61,45.0,22000.0,15000.0,ENE,20.8,11.1,15.8,0.7,1031.2,996.7,11.8,0.0,2005,February
527,2005-03-01,19.75,12.6,1017.55,3.6,948.0,6.93,45.0,22000.0,15000.0,W,32.3,13.2,19.1,5.8,1023.6,1005.2,8.2,0.0,2005,March
528,2005-04-01,20.2,12.4,1017.0,4.6,958.0,0.0,45.0,22000.0,20000.0,NNE,28.4,17.2,17.0,8.4,1021.9,1011.1,13.0,0.0,2005,April
529,2005-05-01,22.5,15.35,1016.9,4.1,906.0,0.0,45.0,22000.0,20000.0,NNE,32.3,18.0,18.9,11.9,1021.1,1010.5,9.8,0.0,2005,May
530,2005-06-01,24.8,18.55,1015.9,3.85,1000.0,6.9,45.0,22000.0,20000.0,W,32.7,19.0,21.8,16.5,1020.6,1010.6,7.7,0.0,2005,June
531,2005-07-01,24.9,20.5,1016.6,4.6,675.0,23.18,45.0,22000.0,20000.0,NNE,40.3,21.7,25.2,16.3,1020.4,1013.1,8.7,1.0,2005,July
532,2005-08-01,25.7,21.05,1015.5,4.1,361.0,991.6,45.0,22000.0,20000.0,WNW,34.5,21.7,23.5,14.9,1020.7,1010.7,6.7,0.0,2005,August
533,2005-09-01,25.05,19.6,1017.7,4.1,277.0,,45.0,22000.0,20000.0,ENE,39.1,20.8,26.2,14.3,1021.9,1013.3,8.2,0.0,2005,September
534,2005-10-01,22.8,17.9,1017.3,3.6,746.0,200.83,45.0,22000.0,20000.0,ENE,30.0,19.3,22.0,12.2,1021.5,1011.2,7.2,0.0,2005,October
535,2005-11-01,19.4,12.8,1017.1,3.6,1080.0,63.81,45.0,22000.0,15000.0,ENE,25.0,13.8,17.0,8.9,1030.2,1000.5,8.2,0.0,2005,November
536,2005-12-01,17.5,9.75,1018.9,3.1,1329.0,124.74,45.0,22000.0,15000.0,E,21.7,12.6,18.7,4.1,1029.0,1011.2,19.0,0.0,2005,December
537,2006-01-01,15.4,8.7,1019.0,3.1,1599.0,41.81,45.0,9000.0,15000.0,E,22.4,12.5,14.4,4.1,1027.9,1004.0,38.0,0.0,2006,January
538,2006-02-01,16.6,8.8,1019.35,3.6,870.0,1.36,45.0,15500.0,15000.0,E,24.7,14.1,13.2,5.0,1025.4,1007.1,7.7,0.0,2006,February
539,2006-03-01,18.55,6.2,1019.8,3.6,658.0,2.0,45.0,22000.0,20000.0,ENE,30.0,15.4,6.2,6.2,1031.0,1006.5,10.8,0.0,2006,March
540,2006-04-01,21.15,,1015.5,4.6,374.0,,45.0,15500.0,20000.0,ENE,31.2,17.4,,,1021.7,1006.2,7.7,0.0,2006,April
541,2006-05-01,22.8,17.2,1015.9,4.6,243.0,991.0,45.0,22000.0,20000.0,ENE,29.3,19.4,17.2,17.2,1022.7,1009.5,8.7,0.0,2006,May
542,2006-06-01,23.6,,1016.1,3.85,235.0,991.9,45.0,22000.0,20000.0,NW,29.7,22.4,,,1021.7,1013.1,7.7,0.0,2006,June
543,2006-07-01,,,1017.85,4.6,73.0,991.0,45.0,22000.0,20000.0,ENE,,,,,1021.6,1013.3,7.7,0.0,2006,July
544,2006-08-01,28.3,,1015.0,3.6,19.0,,45.0,22000.0,20000.0,ENE,29.1,27.5,,,1018.3,1013.4,6.2,0.0,2006,August
545,2006-11-01,,,1024.7,0.0,0.0,,45.0,22000.0,15000.0,,,,,,1024.7,1024.7,0.0,0.0,2006,November
546,2007-01-01,14.7,,1018.25,1.5,292.0,,45.0,480.0,20000.0,E,19.3,11.8,,,1023.3,1013.5,4.6,1.0,2007,January
547,2007-02-01,18.4,,1023.05,3.6,681.0,,45.0,22000.0,20000.0,E,24.3,14.3,,,1029.2,1015.0,7.7,0.0,2007,February
548,2007-03-01,18.6,9.4,1019.55,4.1,571.0,1.01,45.0,22000.0,20000.0,NE,27.3,16.0,15.9,6.4,1029.6,1011.9,10.8,0.0,2007,March
549,2007-04-01,19.3,12.8,1015.45,3.6,972.0,4.85,45.0,22000.0,20000.0,NE,27.3,14.2,17.2,7.6,1021.3,1008.5,8.7,0.0,2007,April
550,2007-05-01,21.3,14.5,1017.5,4.1,798.0,2.51,45.0,22000.0,20000.0,NNE,32.5,15.2,18.6,10.2,1024.2,1010.6,9.8,0.0,2007,May
551,2007-06-01,23.3,17.8,1016.8,4.6,561.0,,45.0,22000.0,20000.0,W,32.5,20.0,20.5,14.2,1021.9,1007.3,9.8,0.0,2007,June
552,2007-07-01,27.45,20.35,1015.45,5.7,482.0,991.9,45.0,22000.0,20000.0,NNE,41.8,21.8,26.3,15.6,1019.9,1009.9,8.7,1.0,2007,July
553,2007-08-01,25.1,20.8,1014.5,4.1,427.0,,45.0,22000.0,20000.0,NNE,32.3,20.2,22.3,17.9,1018.3,1009.4,7.7,0.0,2007,August
554,2007-09-01,23.75,17.9,1017.3,3.1,594.0,7.08,45.0,22000.0,20000.0,W,29.9,19.8,21.5,15.6,1021.9,1012.1,6.7,0.0,2007,September
555,2007-10-01,22.55,17.1,1016.7,2.85,996.0,333.05,45.0,22000.0,20000.0,W,31.0,19.5,21.0,11.5,1021.6,1012.1,7.2,0.0,2007,October
556,2007-11-01,19.65,11.7,1017.6,2.1,1100.0,80.41,45.0,22000.0,15000.0,ENE,26.0,13.1,18.7,8.8,1022.8,1010.1,8.7,0.0,2007,November
557,2007-12-01,17.35,10.3,1023.65,3.35,545.0,185.34,45.0,22000.0,15000.0,ENE,23.2,14.3,22.3,5.6,1030.8,1010.6,9.8,0.0,2007,December
558,2008-01-01,17.3,9.2,1025.5,2.35,690.0,4.69,45.0,22000.0,15000.0,ENE,19.4,13.8,15.6,6.2,1029.9,1015.6,10.8,0.0,2008,January
559,2008-02-01,19.0,11.3,1020.0,2.1,638.0,4.25,45.0,22000.0,15000.0,ENE,28.2,15.5,19.9,6.3,1026.7,1012.8,7.7,0.0,2008,February
560,2008-03-01,18.8,11.6,1018.2,4.6,627.0,4.92,45.0,22000.0,20000.0,NNE,28.2,13.7,17.3,5.8,1025.5,1011.3,8.7,0.0,2008,March
561,2008-04-01,21.4,14.95,1015.25,4.1,576.0,4.68,45.0,22000.0,20000.0,SSW,33.2,16.6,19.3,8.4,1022.3,1007.8,11.8,0.0,2008,April
562,2008-05-01,20.7,13.7,1016.0,4.1,548.0,110.89,45.0,22000.0,20000.0,ENE,27.2,19.2,18.4,10.9,1019.5,1010.3,6.7,0.0,2008,May
563,2008-06-01,23.9,18.3,1015.7,4.6,379.0,,45.0,22000.0,20000.0,NNE,43.5,20.7,25.7,14.8,1019.6,1010.7,8.7,0.0,2008,June
564,2008-07-01,26.4,20.1,1016.3,4.6,467.0,,45.0,22000.0,20000.0,NNE,32.3,20.5,22.0,16.6,1018.9,1007.2,8.7,0.0,2008,July
565,2008-08-01,26.4,20.2,1015.1,4.6,403.0,,45.0,22000.0,20000.0,NNE,34.0,22.7,22.0,17.6,1019.7,1010.6,8.7,0.0,2008,August
566,2008-09-01,23.65,20.05,1015.5,3.6,953.0,1.52,45.0,22000.0,20000.0,WSW,29.4,20.4,22.4,15.4,1018.4,1011.4,11.8,0.0,2008,September
567,2008-10-01,21.5,15.65,1018.2,3.6,1340.0,4.38,45.0,22000.0,20000.0,NNE,26.5,13.2,18.7,9.3,1023.8,1005.3,12.9,0.0,2008,October
568,2008-11-01,17.7,11.2,1019.1,3.6,1610.0,9.9,45.0,22000.0,15000.0,E,23.8,9.8,14.2,4.3,1026.0,1004.6,9.8,0.0,2008,November
569,2008-12-01,15.8,8.0,1022.3,2.1,1177.0,3.85,45.0,22000.0,15000.0,E,20.9,12.3,16.3,5.1,1027.9,1007.6,8.7,0.0,2008,December
570,2009-01-01,15.0,7.6,1021.5,2.1,1896.0,4.38,45.0,22000.0,15000.0,E,20.5,9.7,14.4,4.0,1029.3,1013.2,7.7,0.0,2009,January
571,2009-02-01,16.8,10.6,1016.6,3.6,1499.0,12.64,45.0,22000.0,15000.0,E,26.7,12.3,14.9,7.5,1026.0,997.3,9.8,0.0,2009,February
572,2009-03-01,19.0,13.4,1015.7,3.1,1431.0,43.62,45.0,22000.0,15000.0,E,26.6,15.3,16.8,9.4,1024.2,1007.1,6.7,0.0,2009,March
573,2009-04-01,19.5,10.85,1018.3,5.1,248.0,,45.0,22000.0,20000.0,E,26.3,16.5,15.8,7.6,1022.3,1014.2,8.7,1.5,2009,April
574,2009-05-01,21.3,16.3,1016.15,5.1,552.0,199.7,45.0,22000.0,20000.0,NE,33.6,19.2,18.6,11.6,1020.9,1010.4,8.7,1.0,2009,May
575,2009-06-01,25.3,19.2,1017.0,4.1,640.0,255.75,45.0,22000.0,20000.0,NW,38.2,21.2,27.6,13.9,1019.8,1012.9,7.7,0.0,2009,June
576,2009-07-01,28.6,21.3,1016.5,6.2,524.0,,45.0,22000.0,20000.0,NE,41.8,21.6,28.5,17.4,1023.0,1011.1,9.8,1.0,2009,July
577,2009-08-01,25.5,21.6,1015.4,4.6,522.0,,45.0,22000.0,20000.0,NE,34.3,22.5,23.3,17.9,1018.3,1010.5,9.8,0.0,2009,August
578,2009-09-01,23.8,19.4,1016.6,3.6,922.0,2.97,45.0,22000.0,20000.0,W,31.7,19.3,21.8,14.8,1024.2,1011.5,8.2,0.0,2009,September
579,2009-10-01,24.35,17.7,1017.55,3.6,667.0,1.35,45.0,22000.0,20000.0,E,30.7,20.2,19.3,15.7,1023.5,1010.1,8.2,0.0,2009,October
580,2009-11-01,21.75,12.8,1020.9,3.6,439.0,1.82,45.0,22000.0,15000.0,E,28.0,16.6,19.7,9.3,1030.4,1012.7,8.2,0.0,2009,November
581,2009-12-01,19.4,12.55,1017.6,2.6,1175.0,4.18,45.0,22000.0,15000.0,W,24.0,15.7,19.5,4.4,1024.9,1000.7,11.8,0.0,2009,December
582,2010-01-01,17.75,11.0,1020.2,2.1,1466.0,2.44,45.0,22000.0,15000.0,E,27.3,12.8,18.9,5.8,1026.2,1006.1,9.8,0.0,2010,January
583,2010-02-01,18.5,14.0,1014.1,2.6,1992.0,8.55,45.0,480.0,15000.0,W,25.4,14.4,18.3,8.7,1025.3,990.8,13.9,0.0,2010,February
584,2010-03-01,19.0,12.3,1018.9,2.1,988.0,23.93,45.0,9000.0,15000.0,E,27.5,14.3,18.9,7.9,1025.5,1008.6,6.2,0.0,2010,March
585,2010-04-01,20.7,16.1,1015.0,3.6,671.0,101.71,45.0,22000.0,20000.0,W,30.4,18.0,19.6,9.5,1021.5,1003.2,11.8,0.0,2010,April
586,2010-05-01,21.55,15.5,1016.0,4.6,735.0,1.8,45.0,22000.0,20000.0,W,30.4,17.7,19.6,8.1,1024.0,1010.5,8.7,0.0,2010,May
587,2010-06-01,23.3,19.25,1016.9,5.1,159.0,0.3,45.0,22000.0,20000.0,NW,31.0,20.0,21.5,14.6,1020.9,1012.5,8.7,0.0,2010,June
588,2010-07-01,26.7,20.8,1015.3,5.1,357.0,331.47,45.0,22000.0,20000.0,NE,36.3,21.8,22.5,18.9,1019.2,1012.6,8.7,0.0,2010,July
589,2010-08-01,27.85,21.95,1014.2,5.1,149.0,991.0,45.0,22000.0,20000.0,E,44.5,22.2,29.5,18.5,1021.5,1009.3,7.2,0.0,2010,August
590,2010-09-01,26.0,20.9,1015.2,4.6,329.0,0.0,45.0,22000.0,20000.0,E,36.1,21.8,25.9,14.6,1020.7,1010.2,7.2,0.0,2010,September
591,2010-10-01,21.7,16.15,1016.3,3.6,1088.0,264.67,45.0,22000.0,15000.0,E,28.3,19.0,20.4,12.7,1023.3,1007.8,7.2,0.0,2010,October
592,2010-11-01,18.9,11.6,1018.3,3.6,1280.0,8.76,45.0,22000.0,15000.0,E,26.0,16.0,19.3,6.3,1024.5,1000.6,12.9,0.0,2010,November
593,2010-12-01,20.0,13.0,1013.1,3.6,635.0,5.78,45.0,22000.0,15000.0,WSW,24.7,15.8,19.4,8.5,1021.9,1000.1,9.8,1.5,2010,December
594,2011-01-01,17.65,9.1,1020.1,3.6,1039.0,50.9,45.0,22000.0,15000.0,E,23.1,13.8,15.2,5.8,1028.3,999.7,12.9,0.0,2011,January
595,2011-02-01,17.3,10.25,1022.45,4.1,397.0,5.38,45.0,22000.0,20000.0,E,21.3,13.6,16.1,5.0,1030.4,1015.0,8.2,0.0,2011,February
596,2011-03-01,18.5,10.55,1016.95,4.1,1200.0,4.85,45.0,22000.0,20000.0,E,31.5,10.8,15.6,3.6,1025.0,1000.7,8.7,1.0,2011,March
597,2011-04-01,20.5,15.7,1012.6,4.6,737.0,4.82,45.0,22000.0,20000.0,W,29.0,16.5,19.6,12.6,1025.3,1003.5,8.2,0.0,2011,April
598,2011-05-01,24.3,18.1,1015.1,3.6,826.0,237.75,45.0,22000.0,20000.0,E,33.2,18.0,27.5,12.9,1020.4,1006.7,8.7,0.0,2011,May
599,2011-06-01,27.15,19.9,1015.65,4.6,211.0,991.9,45.0,22000.0,20000.0,E,37.5,22.1,23.8,13.0,1020.8,1008.0,9.8,0.0,2011,June
600,2011-07-01,26.4,20.2,1015.0,4.6,291.0,,45.0,22000.0,20000.0,NE,42.7,21.8,26.5,16.7,1018.3,1009.6,7.7,0.0,2011,July
601,2011-08-01,25.0,20.6,1015.8,4.6,248.0,991.9,45.0,22000.0,20000.0,E,33.0,21.3,22.3,18.5,1020.1,1010.8,8.2,0.0,2011,August
602,2011-09-01,23.8,18.95,1016.8,3.6,444.0,255.4,45.0,22000.0,20000.0,NW,37.0,20.3,20.8,16.2,1021.0,1011.3,9.8,0.0,2011,September
603,2011-10-01,23.0,17.4,1017.7,2.85,713.0,168.52,45.0,22000.0,15000.0,E,31.4,18.9,21.1,12.2,1023.8,1008.8,11.8,0.0,2011,October
604,2011-11-01,19.1,12.6,1017.9,3.1,1523.0,78.1,45.0,22000.0,15000.0,E,28.6,13.3,18.7,9.1,1025.0,1008.7,8.2,0.0,2011,November
605,2011-12-01,17.6,8.95,1027.1,3.1,197.0,661.27,45.0,22000.0,20000.0,E,21.0,14.5,15.1,4.1,1033.9,1021.3,6.7,0.0,2011,December
606,2012-01-01,16.3,6.9,1023.8,2.6,1078.0,6.11,45.0,22000.0,20000.0,E,21.3,13.4,13.2,3.2,1034.5,1017.9,7.2,0.0,2012,January
607,2012-02-01,15.75,5.0,1023.2,3.1,404.0,398.18,45.0,22000.0,20000.0,E,21.4,11.0,8.4,1.7,1036.0,1018.0,13.4,1.0,2012,February
608,2012-03-01,20.9,10.3,1022.0,4.1,328.0,497.45,45.0,22000.0,20000.0,E,32.8,16.1,17.4,6.1,1030.9,1007.0,7.7,1.0,2012,March
609,2012-04-01,18.5,11.9,1016.7,3.6,1087.0,133.17,45.0,22000.0,20000.0,W,23.6,14.7,17.0,8.3,1023.8,1011.2,8.7,0.0,2012,April
610,2012-05-01,22.5,16.0,1016.7,3.6,444.0,991.45,45.0,22000.0,20000.0,W,33.7,17.5,21.3,10.2,1022.9,1011.0,9.8,0.0,2012,May
611,2012-06-01,25.5,19.6,1016.8,4.6,217.0,1.0,45.0,22000.0,20000.0,NNE,43.1,21.3,27.7,16.1,1021.3,1011.0,8.7,0.0,2012,June
612,2012-07-01,27.0,20.1,1015.15,4.6,126.0,991.9,45.0,22000.0,20000.0,NNE,41.7,22.3,26.5,16.8,1019.5,1011.7,8.2,0.0,2012,July
613,2012-08-01,29.5,20.8,1015.4,4.6,83.0,,45.0,22000.0,20000.0,NNE,42.4,22.3,30.0,18.2,1020.4,1011.9,8.2,1.5,2012,August
614,2012-09-01,24.5,19.7,1015.3,3.1,437.0,6.1,45.0,22000.0,20000.0,NW,32.8,21.0,23.9,16.9,1022.0,1008.6,7.2,0.0,2012,September
615,2012-10-01,23.5,18.75,1015.65,3.6,712.0,907.03,45.0,22000.0,20000.0,E,31.5,14.9,22.6,11.5,1020.3,1003.1,11.3,0.5,2012,October
616,2012-11-01,19.9,15.8,1016.8,2.6,1257.0,800.4,45.0,15500.0,15000.0,E,28.3,14.1,23.0,8.9,1021.5,1009.6,14.4,0.0,2012,November
617,2012-12-01,17.5,8.0,1023.3,2.6,463.0,202.8,45.0,22000.0,20000.0,E,25.8,12.8,16.4,2.8,1032.3,1013.4,8.2,0.0,2012,December
618,2013-01-01,17.6,7.8,1026.0,2.6,544.0,127.42,45.0,22000.0,20000.0,E,27.5,14.8,15.8,4.6,1034.4,1011.7,7.7,0.0,2013,January
619,2013-02-01,17.45,8.5,1021.1,3.6,579.0,142.77,45.0,22000.0,20000.0,E,24.7,14.0,14.8,5.0,1028.6,1009.6,10.8,0.0,2013,February
620,2013-03-01,18.5,14.3,1015.6,3.6,1806.0,55.0,45.0,6000.0,15000.0,SW,23.4,14.4,17.1,6.1,1022.7,993.8,25.2,0.0,2013,March
621,2013-04-01,20.3,15.1,1015.4,3.6,903.0,7.72,45.0,22000.0,20000.0,NE,36.3,15.8,27.6,8.8,1024.3,1007.0,10.8,1.0,2013,April
622,2013-05-01,20.6,14.8,1017.5,3.6,1043.0,796.87,45.0,480.0,20000.0,NNE,32.3,18.2,19.7,9.1,1023.2,1012.1,8.2,1.0,2013,May
623,2013-06-01,22.75,17.85,1016.6,4.1,939.0,995.76,45.0,480.0,20000.0,NNE,29.7,19.5,40.4,12.7,1022.3,1011.9,30.9,1.0,2013,June
624,2013-07-01,25.0,20.0,1016.1,3.6,953.0,995.9,45.0,480.0,20000.0,ENE,33.3,21.6,25.6,18.2,1019.9,1011.3,7.2,0.0,2013,July
625,2013-08-01,28.3,21.6,1014.7,4.1,985.0,995.9,45.0,480.0,20000.0,NE,43.0,22.7,29.4,17.3,1017.9,1008.4,14.0,1.0,2013,August
626,2013-09-01,23.9,19.85,1016.55,3.1,1233.0,798.16,45.0,480.0,20000.0,W,32.7,19.7,21.8,16.9,1022.5,1013.7,6.7,0.0,2013,September
627,2013-10-01,23.8,18.75,1018.2,3.1,1729.0,9.11,45.0,480.0,20000.0,E,28.9,17.5,22.3,11.3,1022.0,1011.9,6.7,0.0,2013,October
628,2013-11-01,20.15,14.0,1018.8,3.6,1160.0,695.2,45.0,480.0,20000.0,E,28.0,15.5,18.0,7.0,1025.2,1011.8,7.7,0.0,2013,November
629,2013-12-01,17.7,10.35,1024.65,2.6,1888.0,4.56,45.0,480.0,20000.0,E,24.4,13.1,26.5,3.6,1030.6,1011.8,8.2,0.0,2013,December
630,2014-01-01,16.4,9.5,1022.05,2.1,2206.0,400.8,45.0,480.0,15000.0,E,28.3,13.0,18.2,4.6,1030.2,1006.1,8.2,0.0,2014,January
631,2014-02-01,16.75,9.3,1023.2,3.1,1334.0,511.07,45.0,480.0,20000.0,E,22.1,13.3,14.3,5.9,1031.8,1013.0,8.2,0.0,2014,February
632,2014-03-01,18.6,11.75,1020.0,3.6,1317.0,713.01,45.0,480.0,20000.0,E,25.9,11.7,20.7,7.8,1027.6,1004.1,8.8,0.0,2014,March
633,2014-04-01,21.5,14.3,1015.8,4.1,3151.0,8.67,45.0,6000.0,20000.0,ENE,28.8,15.5,20.0,8.6,1024.3,1005.3,9.8,1.0,2014,April
634,2014-05-01,23.2,17.1,1015.3,4.1,1145.0,888.89,45.0,480.0,20000.0,NNE,34.0,18.0,21.4,12.6,1024.0,1008.9,8.8,0.0,2014,May
635,2014-06-01,23.0,18.0,1017.7,3.6,1008.0,908.35,45.0,480.0,20000.0,NNE,33.4,19.7,21.4,13.3,1022.5,1011.4,8.8,1.0,2014,June
636,2014-07-01,24.4,19.9,1017.2,3.6,975.0,953.82,45.0,480.0,20000.0,NW,33.3,20.4,21.7,16.1,1020.6,1012.6,8.2,0.0,2014,July
637,2014-08-01,28.3,20.9,1015.7,4.6,1003.0,957.11,45.0,480.0,20000.0,NNE,34.3,22.8,24.9,19.5,1019.4,1011.4,7.2,0.0,2014,August
638,2014-09-01,24.5,19.25,1016.35,3.1,1040.0,766.03,45.0,480.0,20000.0,NW,29.6,22.7,22.4,16.1,1021.7,1002.0,7.2,0.0,2014,September
639,2014-10-01,24.8,18.2,1016.7,2.6,977.0,842.1,45.0,480.0,20000.0,E,36.3,20.0,23.7,13.9,1021.1,1008.7,6.7,0.0,2014,October
640,2014-11-01,20.1,15.1,1016.7,3.1,2128.0,179.83,45.0,480.0,20000.0,E,30.8,13.5,20.6,11.4,1022.5,988.9,9.8,1.0,2014,November
641,2014-12-01,16.7,10.3,1025.7,2.6,1686.0,387.56,45.0,480.0,15000.0,E,20.1,12.1,16.9,7.1,1030.8,1008.2,8.8,1.0,2014,December
642,2015-01-01,15.7,8.4,1026.6,2.6,1797.0,616.49,45.0,480.0,20000.0,E,20.8,12.7,15.1,3.7,1035.0,1015.8,10.8,0.0,2015,January
643,2015-02-01,16.0,7.9,1020.8,3.1,1192.0,664.42,43.0,480.0,20000.0,E,19.7,13.0,13.4,4.1,1031.3,1013.7,8.8,1.0,2015,February
644,2015-03-01,18.5,11.6,1021.7,3.6,1743.0,675.43,43.0,480.0,20000.0,E,25.7,13.7,14.1,9.3,1028.6,1005.6,9.8,1.5,2015,March
645,2015-04-01,19.7,13.3,1018.3,3.6,1694.0,271.25,43.0,480.0,20000.0,W,26.5,15.3,16.9,10.9,1023.0,1010.6,7.7,0.0,2015,April
646,2015-05-01,23.1,17.7,1016.6,4.1,1045.0,995.9,43.0,480.0,20000.0,NNE,36.6,18.4,19.8,14.1,1023.1,1011.9,7.7,1.0,2015,May
647,2015-06-01,23.0,18.9,1017.0,3.6,1105.0,820.18,43.0,480.0,20000.0,WSW,31.0,20.1,21.0,15.6,1021.4,1011.4,8.8,0.0,2015,June
648,2015-07-01,28.5,22.1,1015.4,4.6,888.0,982.28,43.0,6000.0,20000.0,NNE,40.0,23.3,23.8,19.0,1020.0,1011.4,7.7,1.5,2015,July
649,2015-08-01,26.0,21.1,1015.9,4.1,1103.0,963.87,43.0,480.0,20000.0,NNE,34.1,20.7,25.1,17.7,1021.8,1010.1,7.2,1.0,2015,August
650,2015-09-01,25.35,18.7,1016.6,3.6,1046.0,944.84,43.0,480.0,20000.0,NNE,37.3,20.3,25.3,15.9,1019.3,1012.2,7.2,0.0,2015,September
651,2015-10-01,23.5,19.0,1016.4,3.1,1621.0,187.56,43.0,480.0,20000.0,W,29.7,17.0,25.0,13.6,1021.1,1007.6,9.8,0.0,2015,October
652,2015-11-01,21.1,13.7,1023.4,3.1,1159.0,830.31,43.0,480.0,20000.0,E,27.5,16.1,16.2,8.1,1030.6,1014.5,6.7,1.0,2015,November
653,2015-12-01,20.0,9.65,1027.2,2.6,1073.0,995.9,43.0,6000.0,20000.0,E,26.0,12.6,19.9,7.2,1032.9,1020.7,7.7,0.0,2015,December
654,2016-01-01,19.25,11.35,1023.8,3.6,1375.0,709.92,43.0,480.0,20000.0,E,24.7,16.1,16.9,8.0,1033.8,1017.0,9.8,0.0,2016,January
655,2016-02-01,18.0,10.4,1024.7,3.6,1907.0,334.1,43.0,480.0,20000.0,E,22.5,12.5,17.1,5.7,1032.7,1008.1,8.8,0.0,2016,February
656,2016-03-01,17.75,10.2,1019.3,4.1,1579.0,613.76,43.0,480.0,20000.0,E,23.3,12.8,13.9,7.2,1028.8,1013.1,11.8,1.0,2016,March
657,2016-04-01,19.7,13.65,1016.2,4.6,1156.0,528.39,43.0,480.0,20000.0,E,24.6,16.0,17.5,7.2,1020.9,1011.7,9.8,0.0,2016,April
658,2016-05-01,20.8,16.8,1015.65,4.6,1465.0,628.12,43.0,480.0,20000.0,SW,28.5,14.0,18.4,13.1,1023.6,1004.5,11.8,1.0,2016,May
659,2016-06-01,23.55,18.7,1016.7,4.1,1025.0,946.12,43.0,480.0,20000.0,NE,38.5,20.7,21.0,15.7,1022.2,1013.7,19.6,0.0,2016,June
660,2016-07-01,26.0,20.85,1015.6,4.1,1043.0,995.9,43.0,480.0,20000.0,NE,33.5,21.3,23.5,19.3,1020.0,1010.7,8.0,1.0,2016,July
661,2016-08-01,27.7,21.75,1014.9,3.6,1111.0,905.82,43.0,480.0,20000.0,E,36.7,21.4,24.9,19.7,1018.9,1010.3,9.8,1.0,2016,August
662,2016-09-01,24.45,20.5,1017.45,3.6,1111.0,912.93,43.0,480.0,20000.0,E,30.3,18.6,23.2,17.2,1022.4,1012.0,8.8,1.0,2016,September
663,2016-10-01,23.2,18.8,1014.9,3.1,1374.0,558.7,43.0,480.0,20000.0,E,33.4,19.0,20.9,13.9,1020.6,1006.6,8.8,0.0,2016,October
664,2016-11-01,20.3,12.9,1017.25,3.1,1653.0,551.2,43.0,480.0,20000.0,E,25.7,12.0,20.7,7.8,1029.2,1006.7,9.8,1.0,2016,November
665,2016-12-01,18.2,11.2,1024.0,2.1,1387.0,458.57,43.0,480.0,20000.0,E,23.3,13.3,18.1,6.7,1030.8,1008.1,8.8,0.0,2016,December
666,2017-01-01,16.5,7.7,1023.1,2.6,1499.0,559.56,43.0,480.0,20000.0,E,21.0,11.2,15.6,4.8,1027.6,1015.2,9.8,0.0,2017,January
667,2017-02-01,17.35,10.45,1020.7,3.1,1698.0,377.2,43.0,480.0,20000.0,E,25.0,13.3,15.6,6.9,1030.4,995.0,18.5,1.0,2017,February
668,2017-03-01,18.7,11.7,1019.6,3.6,1062.0,664.29,43.0,480.0,20000.0,E,29.5,14.2,15.8,5.5,1026.4,1012.8,8.8,0.0,2017,March
669,2017-04-01,21.3,14.9,1015.1,3.6,1064.0,899.57,43.0,22000.0,20000.0,E,36.2,18.4,19.7,11.0,1024.1,1007.0,8.8,0.0,2017,April
670,2017-05-01,22.7,17.7,1015.2,4.1,1285.0,634.28,43.0,22000.0,20000.0,E,33.5,20.0,20.0,12.9,1022.8,1009.0,8.8,1.0,2017,May
671,2017-06-01,25.7,20.2,1014.9,4.1,1075.0,976.75,43.0,6000.0,20000.0,NE,41.7,20.2,27.1,17.8,1020.2,1010.0,9.3,1.5,2017,June
672,2017-07-01,27.0,20.5,1015.3,4.1,971.0,985.67,43.0,22000.0,20000.0,NE,40.4,20.8,23.6,16.9,1019.7,1011.0,9.8,1.0,2017,July
673,2017-08-01,28.3,21.5,1014.3,4.1,883.0,966.66,43.0,22000.0,20000.0,E,41.0,22.7,29.0,17.7,1018.1,1009.6,7.7,1.0,2017,August
674,2017-09-01,26.3,20.15,1017.1,4.1,794.0,957.12,43.0,22000.0,20000.0,E,34.8,21.5,22.7,14.8,1023.4,1012.2,7.2,1.0,2017,September
675,2017-10-01,23.4,18.4,1018.8,2.1,1503.0,861.42,43.0,22000.0,20000.0,WNW,34.5,17.3,27.3,13.1,1023.6,1009.8,6.7,0.5,2017,October
676,2017-11-01,21.5,13.3,1018.5,2.6,1054.0,918.2,43.0,22000.0,20000.0,E,27.7,16.6,24.8,10.4,1025.0,1010.9,7.2,0.0,2017,November
677,2017-12-01,16.6,8.65,1026.4,2.6,1147.0,915.6,43.0,22000.0,20000.0,E,22.3,11.8,15.5,6.4,1034.4,1010.2,9.8,0.0,2017,December
678,2018-01-01,15.7,9.6,1024.7,3.1,1564.0,672.95,43.0,3000.0,20000.0,E,23.0,10.5,14.0,5.0,1032.8,1008.5,7.7,0.0,2018,January
679,2018-02-01,16.2,8.7,1017.6,3.1,1785.0,525.93,43.0,22000.0,20000.0,E,21.0,9.5,17.6,4.8,1027.4,1000.4,10.8,0.0,2018,February
680,2018-03-01,17.6,13.0,1018.9,4.1,2250.0,295.54,43.0,6000.0,15000.0,WSW,24.9,14.3,17.1,6.6,1028.9,999.3,11.8,0.0,2018,March
681,2018-04-01,18.7,13.6,1016.2,3.35,1313.0,467.43,43.0,22000.0,20000.0,W,29.0,14.4,16.8,10.2,1021.9,1010.3,8.8,1.0,2018,April
682,2018-05-01,20.3,16.55,1016.1,3.6,1197.0,858.76,43.0,22000.0,20000.0,NW,24.8,16.3,18.5,10.0,1022.0,1009.4,8.2,1.0,2018,May
683,2018-06-01,22.8,17.8,1017.75,3.6,1016.0,968.26,43.0,22000.0,20000.0,NE,27.0,20.3,20.5,14.5,1020.9,1010.6,6.2,1.0,2018,June
684,2018-07-01,26.6,19.7,1016.8,4.1,630.0,995.9,43.0,22000.0,20000.0,NE,34.5,22.4,20.6,16.9,1021.9,1014.3,6.2,0.0,2018,July
685,2018-08-01,25.75,20.6,1014.7,3.6,1017.0,987.53,43.0,480.0,20000.0,E,33.1,20.8,22.2,17.9,1019.2,1007.9,6.2,0.0,2018,August
686,2018-09-01,25.6,20.7,1016.5,3.1,1156.0,900.15,43.0,22000.0,20000.0,E,32.8,21.2,23.8,17.3,1021.3,1012.3,6.7,0.0,2018,September
687,2018-10-01,23.1,17.8,1016.0,2.1,1760.0,476.36,43.0,6000.0,20000.0,E,33.7,16.0,20.9,11.0,1022.0,1007.1,10.3,0.0,2018,October
688,2018-11-01,18.6,13.0,1018.25,2.6,1406.0,460.82,43.0,6000.0,20000.0,E,22.6,14.6,16.8,10.1,1024.4,1006.3,6.2,0.0,2018,November
689,2018-12-01,18.5,9.6,1025.2,2.1,1281.0,948.62,43.0,22000.0,20000.0,E,25.5,11.9,14.7,5.7,1028.3,1019.0,5.1,0.0,2018,December
690,2019-01-01,16.7,7.0,1023.6,2.1,1239.0,679.45,43.0,22000.0,20000.0,E,20.6,13.4,13.6,2.7,1030.9,1015.0,5.1,1.0,2019,January
691,2019-02-01,18.2,9.35,1023.8,2.6,1180.0,868.64,43.0,22000.0,20000.0,E,26.8,11.7,15.4,5.5,1029.2,1014.2,8.8,0.0,2019,February
692,2019-03-01,19.9,11.7,1019.8,3.1,1039.0,781.56,43.0,22000.0,20000.0,E,30.4,15.9,16.5,8.7,1028.5,1005.8,6.7,0.0,2019,March
693,2019-04-01,19.8,13.3,1015.75,3.1,1072.0,359.57,43.0,22000.0,20000.0,NW,28.7,14.8,17.3,9.0,1022.4,1006.2,6.7,0.0,2019,April
694,2019-05-01,23.8,17.0,1014.2,3.6,603.0,368.85,43.0,22000.0,20000.0,NE,37.2,18.6,19.8,13.6,1020.9,1007.8,6.7,0.0,2019,May
695,2019-06-01,23.4,18.0,1016.8,4.1,456.0,0.0,43.0,22000.0,20000.0,NW,33.4,20.5,21.0,14.2,1022.4,1009.9,7.2,0.0,2019,June
696,2019-07-01,24.8,20.2,1016.1,3.6,465.0,6.51,43.0,22000.0,20000.0,NE,29.5,21.7,21.8,17.0,1020.1,1011.8,7.7,0.0,2019,July
697,2019-08-01,27.6,20.45,1015.35,3.6,390.0,0.0,43.0,22000.0,20000.0,NE,36.0,23.5,23.4,17.9,1019.2,1011.2,8.8,0.0,2019,August
698,2019-09-01,25.0,19.9,1016.5,3.1,392.0,20.0,43.0,22000.0,20000.0,E,35.7,20.1,29.0,16.7,1020.7,1012.9,7.2,0.0,2019,September
699,2019-10-01,23.35,17.1,1017.95,2.6,402.0,6.54,43.0,22000.0,20000.0,E,30.5,15.8,19.9,11.4,1026.0,1013.2,6.2,0.0,2019,October
700,2019-11-01,19.95,12.65,1019.6,2.6,415.0,0.2,43.0,22000.0,20000.0,E,27.6,15.1,20.0,8.1,1026.8,1011.3,8.8,1.0,2019,November
701,2019-12-01,17.5,11.3,1022.7,2.1,462.0,6.71,43.0,22000.0,20000.0,E,25.6,13.2,16.6,7.2,1030.0,1005.0,8.8,0.0,2019,December
702,2020-01-01,17.3,8.15,1026.5,2.1,450.0,26.67,43.0,22000.0,20000.0,E,21.7,12.2,13.0,5.1,1033.0,1008.3,7.7,0.0,2020,January
703,2020-02-01,20.2,11.4,1025.1,2.1,435.0,0.0,43.0,22000.0,20000.0,E,27.0,16.7,15.2,8.1,1030.9,1018.9,5.7,0.0,2020,February
704,2020-03-01,18.85,11.55,1018.5,3.1,447.0,13.49,43.0,22000.0,20000.0,E,28.2,14.7,16.5,9.5,1026.8,1007.4,7.7,1.0,2020,March
705,2020-04-01,20.1,15.65,1017.1,3.1,442.0,0.07,43.0,22000.0,20000.0,W,26.7,15.8,17.7,10.9,1023.2,1009.3,9.3,1.0,2020,April
706,2020-05-01,22.6,18.1,1016.6,3.6,465.0,0.19,43.0,22000.0,20000.0,NW,32.7,16.2,24.4,13.7,1022.8,1010.9,9.8,1.0,2020,May
707,2020-06-01,24.1,19.5,1017.5,3.1,447.0,0.0,43.0,22000.0,20000.0,NE,29.7,22.1,23.5,16.6,1025.0,1012.7,6.7,1.0,2020,June
708,2020-07-01,27.5,21.8,1014.0,3.1,459.0,0.0,43.0,22000.0,20000.0,ENE,41.2,23.4,29.7,19.6,1019.1,1008.7,5.7,1.0,2020,July
709,2020-08-01,28.2,21.6,1014.7,3.6,476.0,0.78,43.0,22000.0,20000.0,NE,44.7,22.8,27.6,19.1,1019.6,1008.9,6.2,0.0,2020,August
710,2020-09-01,25.95,20.5,1016.0,3.1,450.0,0.0,43.0,22000.0,20000.0,E,37.3,21.9,23.2,17.0,1022.4,1011.2,6.2,1.0,2020,September
711,2020-10-01,22.7,16.2,1018.8,3.1,458.0,13.04,43.0,22000.0,20000.0,E,32.0,18.4,19.4,13.4,1027.1,1011.4,8.2,0.0,2020,October
712,2020-11-01,20.1,14.95,1020.7,2.1,456.0,0.18,43.0,6000.0,20000.0,E,32.6,13.2,20.3,9.2,1025.4,1008.0,6.7,0.0,2020,November
713,2020-12-01,17.6,11.2,1020.2,2.1,486.0,0.09,43.0,22000.0,20000.0,E,26.5,13.8,16.5,6.1,1027.2,1013.5,5.7,0.0,2020,December
714,2021-01-01,16.7,11.6,1023.9,2.6,501.0,0.33,43.0,6000.0,20000.0,E,24.0,12.4,17.3,6.1,1030.9,1000.9,10.3,0.0,2021,January
715,2021-02-01,17.35,11.0,1020.8,2.1,381.0,9.27,43.0,480.0,20000.0,E,23.0,12.2,15.2,8.8,1027.1,1005.7,7.2,1.0,2021,February
716,2021-03-01,19.25,11.9,1017.85,2.6,451.0,7.33,43.0,6000.0,20000.0,E,30.1,15.3,18.4,8.1,1026.7,1010.7,6.7,0.0,2021,March
717,2021-04-01,20.7,14.2,1015.25,3.1,538.0,0.13,43.0,22000.0,15000.0,E,26.3,15.3,18.4,10.7,1020.7,1009.4,7.7,0.0,2021,April
718,2021-05-01,22.3,17.4,1016.2,3.85,561.0,0.0,43.0,22000.0,15000.0,NE,33.3,19.0,19.6,11.4,1022.7,1012.9,6.2,1.0,2021,May
719,2021-06-01,23.2,18.7,1017.6,3.1,591.0,6.72,43.0,22000.0,15000.0,NE,33.7,19.4,22.7,15.1,1022.8,1013.8,6.2,1.0,2021,June
720,2021-07-01,27.4,20.4,1015.6,3.6,475.0,6.45,43.0,22000.0,15000.0,NE,38.5,22.3,26.1,17.5,1020.1,1008.9,5.7,1.0,2021,July
721,2021-08-01,25.6,20.4,1015.6,3.1,388.0,6.45,43.0,22000.0,15000.0,ENE,42.8,22.0,26.3,17.3,1019.1,1012.2,5.1,1.0,2021,August
722,2021-09-01,24.85,19.65,1016.9,2.6,344.0,13.33,43.0,22000.0,20000.0,E,32.5,21.6,22.1,16.2,1023.0,1010.9,5.7,0.0,2021,September
723,2021-10-01,23.3,16.5,1017.7,2.6,408.0,6.49,43.0,22000.0,20000.0,E,33.0,17.4,21.0,12.1,1023.0,1011.9,5.1,0.0,2021,October
724,2021-11-01,19.5,11.7,1017.85,2.1,374.0,13.52,43.0,22000.0,20000.0,E,25.3,13.9,20.6,8.6,1029.3,1012.1,5.7,1.0,2021,November
725,2021-12-01,18.6,11.0,1021.8,2.1,459.0,6.64,43.0,22000.0,15000.0,E,26.2,14.5,16.9,7.9,1029.1,1015.8,5.7,0.0,2021,December
726,2022-01-01,18.7,9.5,1023.4,2.1,459.0,6.54,43.0,22000.0,15000.0,E,27.4,12.9,15.8,6.6,1028.5,1016.6,4.6,0.5,2022,January
727,2022-02-01,20.3,12.2,1022.2,2.1,411.0,14.67,43.0,22000.0,15000.0,E,29.4,14.1,16.2,9.1,1042.4,1013.8,4.6,0.5,2022,February
728,2022-03-01,17.8,11.5,1017.2,2.1,462.0,6.81,43.0,22000.0,15000.0,N,28.0,11.5,16.9,8.6,1026.1,1004.5,4.6,0.5,2022,March
729,2022-04-01,19.7,13.2,1015.45,3.1,357.0,137.77,43.0,22000.0,20000.0,E,32.0,13.6,16.5,10.2,1024.1,1001.0,5.7,1.0,2022,April
730,2022-05-01,23.0,16.6,1016.15,3.1,372.0,0.02,43.0,22000.0,20000.0,NNE,33.1,18.7,23.8,14.1,1020.8,1010.3,7.7,1.0,2022,May
731,2022-06-01,24.35,19.3,1016.7,4.1,442.0,6.76,43.0,22000.0,20000.0,NNE,28.9,21.1,20.4,15.7,1020.7,1012.7,7.2,0.0,2022,June
732,2022-07-01,29.0,21.6,1014.3,4.1,430.0,70.96,43.0,22000.0,20000.0,ENE,42.4,22.5,26.9,17.5,1020.0,1007.4,7.2,1.0,2022,July
733,2022-08-01,27.65,21.2,1013.85,4.1,456.0,0.0,43.0,22000.0,20000.0,ENE,37.8,23.5,22.7,17.8,1018.6,1010.2,7.2,2.1,2022,August
734,2022-09-01,25.2,19.8,1016.1,3.6,372.0,167.77,43.0,22000.0,20000.0,ENE,31.3,20.9,22.9,16.4,1021.7,1009.0,6.2,1.0,2022,September
735,2022-10-01,25.6,18.3,1017.3,2.1,435.0,58.45,43.0,22000.0,15000.0,WNW,35.7,20.0,24.0,14.8,1023.3,1011.6,6.2,1.0,2022,October
736,2022-11-01,22.6,14.15,1021.0,3.1,447.0,0.02,43.0,22000.0,20000.0,E,28.5,17.1,19.5,8.6,1027.7,1015.1,7.2,0.5,2022,November
737,2022-12-01,19.7,14.2,1019.15,2.1,462.0,0.62,43.0,22000.0,15000.0,WSW,24.8,15.3,19.3,7.6,1029.5,1008.0,8.2,0.0,2022,December
738,2023-01-01,17.6,9.0,1024.9,2.6,462.0,6.54,43.0,22000.0,20000.0,E,22.5,12.5,13.5,4.5,1031.3,1017.3,7.2,0.0,2023,January
739,2023-02-01,17.3,10.7,1020.3,2.1,400.0,28.93,43.0,6000.0,15000.0,E,25.4,12.2,14.4,4.1,1028.4,1006.1,6.2,0.0,2023,February
740,2023-03-01,22.25,12.3,1018.8,3.6,465.0,19.49,43.0,22000.0,20000.0,E,32.9,15.8,15.4,9.2,1025.5,1012.3,7.7,1.0,2023,March
741,2023-04-01,21.95,15.1,1014.3,4.1,432.0,0.05,43.0,22000.0,15000.0,ENE,36.7,16.8,18.7,11.3,1025.7,1004.5,7.7,1.0,2023,April
742,2023-05-01,22.6,16.7,1016.1,4.1,459.0,12.97,43.0,22000.0,20000.0,NE,30.9,18.0,18.9,13.5,1021.3,1010.5,8.2,0.0,2023,May
743,2023-06-01,25.3,20.25,1014.05,4.1,440.0,6.92,43.0,22000.0,20000.0,NW,43.4,21.8,25.9,16.6,1018.4,1008.8,7.2,0.0,2023,June
744,2023-07-01,28.05,21.3,1016.45,4.6,450.0,0.0,43.0,22000.0,20000.0,NE,36.7,23.7,24.5,19.1,1019.5,1012.7,7.2,1.0,2023,July
745,2023-08-01,28.65,21.5,1014.5,4.1,447.0,6.67,43.0,22000.0,20000.0,NE,44.6,22.3,29.3,18.1,1019.1,1009.2,8.8,1.0,2023,August
746,2023-09-01,24.75,19.4,1016.25,3.1,428.0,0.0,43.0,22000.0,20000.0,NW,30.2,21.7,22.2,14.5,1019.0,1010.0,6.2,0.0,2023,September
747,2023-10-01,25.9,18.7,1017.7,2.6,423.0,0.14,43.0,22000.0,20000.0,E,37.8,17.3,23.2,14.4,1022.7,1001.8,7.2,0.0,2023,October
